LEGS,    HIPS,    SHOULDER,    ARMS
0.6062363555025199,130.2988055653228,81.01415057625267,179.03732593270962
173.5895398786474,82.38479270672468,62.85872784410689,170.54517109612647
168.0935936599312,56.41454089585829,112.33365996841587,169.30848951287575
168.6259922794238,62.23345402425193,107.18890991786802,165.91533548190793
168.69626564610473,49.619433300757564,86.02487732577998,168.97313455948634
166.10599149670972,53.43561118034631,82.5527255537768,164.41304458698363
153.9184850218878,47.15649133681575,98.0391539220887,141.31599049548473
145.79163286266436,60.35953834988878,88.68761415671145,148.08310527351512
179.28451578773834,28.747835311845645,92.6482915139451,130.32434471700736
159.3323471749675,35.0121540577293,83.39970091757638,156.18386497073482
176.9241647520304,49.600147623470086,82.38456419559304,175.18209275161962
177.64460724675786,45.897287270320284,89.63186227240925,178.74815981719817
46.50860625279721,144.47505160964056,54.70682339736267,174.44871979310128
129.56888122663773,65.16862679413686,37.00601207516927,172.42688335917427
178.81455931048814,66.70931339822643,91.30860029696943,164.9298016628858
178.47875684546457,69.15243387037665,90.90356202454552,168.48773899310154
119.2584996812522,171.40224272451266,168.7151028398526,151.33991527475686
80.98538524792414,56.84843431670017,34.44917711080512,176.18751015454154
171.0361867553158,21.177954301557683,173.60703028505853,156.77811445033169
158.03443875842973,12.053890865802085,176.6362323831784,155.35931076172852
174.51816064810782,64.98641774151592,96.18237063158992,160.95358209524207
174.46436921884424,67.58598152276856,96.28975754478597,170.46672547075121
167.27905059076642,20.946606738573852,101.27606339749292,178.92124798056082
168.17600232326848,22.35587436633843,97.0569535935211,158.6188374512167
150.2027023599877,37.59470801070907,101.96353891012849,159.8979360098571
154.7659251607585,44.45252637014799,112.59286053269886,177.33164434869403
171.05474025818293,34.092818962707426,145.98097553722806,157.1505975787499
144.5725163693613,34.8316964688605,144.23573130245993,169.41261453847548
166.46587197538994,64.6611526948593,92.90395860605997,170.6344523416762
161.08225421984545,55.80094662023592,86.14618416795832,162.08995561421446
171.35771218359992,101.59324481285518,176.95626808472278,167.3573516641361
166.3050250395155,113.38682926595317,163.09414322816104,167.06777778234718
176.37338258132922,51.763609572294875,83.90825916358295,169.53226822328338
167.17436097426952,54.016607737235184,85.29043550937354,167.4631350040052
178.54766627070754,57.51839861440362,70.9874456097578,164.42492913683887
178.58075894605176,50.80178644549723,80.4061027341437,175.20877281335902
178.60503295992544,30.428987194876278,88.10426780126384,123.61919547317783
178.11871774069851,30.16716692752609,98.15130276404847,135.65496762164378
112.14844407714742,51.58287562533434,126.62069356987793,153.11916759488236
119.2475074891573,56.19381919289293,127.73335926212367,152.19126974795913
129.7705778968547,13.188966518961989,157.69103007790105,160.13599299428134
146.61821677925573,4.875857318573256,132.36100454202216,163.9011590313052
157.2706754226855,69.19999890848719,44.803435888702154,98.34060216762367
174.2999691324,69.15048560365061,43.14850664200685,164.480365842267
173.75713396487922,72.26029709833188,85.85753311576275,172.76621312306045
176.98026286502923,65.98937435049166,86.01092130568844,175.12464406684143
177.53338734577756,58.90273015202586,77.12529212503205,179.66403139041225
161.08361814457538,33.96426751934041,77.83401977113647,132.32779064809836
163.4032952644857,26.4716896997944,83.20177885548824,50.19834986190688
179.2385987967849,26.003430342140536,82.69584434551848,80.61291688426479
158.08460303099054,56.336770639655036,91.02723668761786,159.79593422337817
172.46787962696735,54.950508269860805,87.93565218081034,166.32324758338294
166.82838154643136,35.26961957066884,74.97010155835117,144.41691792220192
146.41637424225965,26.64916739447615,73.74704238917148,138.29946521382155
168.43642713188345,47.88283128350165,88.28041059830475,174.52519152129707
176.00744208076796,72.3797114412878,87.37341553376885,178.36382330144278
179.57026933980146,40.3716636750012,81.87278442689397,100.19810306491274
178.31204092124102,32.635345054788075,86.05514749064243,107.28530041209757
179.03265757475106,50.53002056936228,99.61590798553992,165.46485631048154
177.9497329457371,54.32835012174583,97.14232354782929,166.77684000506994
143.61436366226718,81.4114859529027,97.57721538739565,163.4547715102561
171.33150076799953,44.24143542001621,93.52894593229786,138.78283019847063
178.3013725647281,90.83904518018896,161.2709027264423,168.62445909831567
179.75741216946503,91.23105595955025,162.67734333689813,157.80135292408488
173.1479482086941,36.14170483212653,129.0454509709591,139.40935213001742
175.64869821684084,40.9553049782532,113.2521944160213,35.62887190792476
178.81455931048814,66.70931339822643,91.30860029696943,164.9298016628858
178.47875684546457,69.15243387037665,90.90356202454552,168.48773899310154
171.4414500901442,37.34535308401853,80.10768641313305,135.69413681891277
160.57237211189624,37.318737950860964,79.99345751790976,141.17395167673567
172.3357408174896,34.320208909245764,99.96447902072532,154.55273931228658
171.45441683439577,46.0226301203652,91.45906933631608,156.56219061989813
148.44959830415445,35.7600689705969,124.77974456055361,166.59282139641041
147.08340136410618,37.61266776378694,119.54978471785877,161.08869273678212
170.40665644835144,87.61320936237337,40.3724876032249,140.39646886731757
172.4089554308689,84.95146083258234,7.409213367903807,5.220925557755257
176.79388461560336,57.49918941167087,103.76903893985823,152.59668570080538
170.2511629196164,37.328296799177735,112.16056862372365,135.29807064162287
99.20107539623407,33.47891434996927,83.89937248971569,176.10931002603158
105.17608804210363,48.899768842474714,74.19955783540321,176.97408059325332
177.07201655700294,41.29136361449293,127.05975856066098,174.8820980403475
179.85857220489416,46.20874377388971,126.98277432899289,174.6429381081781
176.6969907760753,59.2537404439593,99.4101461736071,171.31290433580634
167.38661166012767,63.00232198977315,100.73078399833962,176.31303159220954
105.41433785938287,13.753023026668167,115.05992343590054,113.4499203425417
92.91958359708786,13.337167637666917,101.44375585170064,101.19176384838711
144.82824548785334,83.03833113551012,86.80618762563404,179.11864260028273
178.9991853862774,77.79789283931841,92.55291618699687,175.67548643870867
175.64950914018306,44.256864070833934,84.76502377182692,111.35109910319369
177.97071542250163,50.57337091935966,82.17283094203128,111.88242780232534
177.18625399028915,48.92830262569031,69.97354076113508,61.784937011923546
170.40178597794645,40.25815929312847,72.67882811446064,69.87339588799762
130.76126455405367,14.358123205141839,96.62723502622498,130.56162435937023
158.70884541596106,40.67710235517547,71.00496125507908,117.19890008160819
174.9219301876292,50.57877626174865,166.9291364395342,173.70624894227456
177.53344092057955,48.653400069806366,166.16537567730956,174.48876278859615
168.74024563835252,20.149926703100714,146.69935850732486,158.73534075813367
174.75907760610494,17.036244459990144,166.96239418479877,129.27137364486083
136.65197022211453,39.6978830579417,62.6101001288518,82.4135720899162
148.52975620170378,40.71677448329014,64.70863345428569,76.49212796378224
172.44150514775586,74.02958917102531,68.64375070096332,162.38733045208673
173.783754150492,70.79614993625434,78.45576134370174,166.95051274874558
178.91182176433958,15.881110809653212,92.37768921429127,53.575361604122406
172.93858075405873,27.071986771632528,86.51358154141919,78.43822872136786
174.05956184648426,63.462772057262924,108.00389294383302,178.02192930369247
174.48018056358376,59.84619468612053,109.79194840009538,179.31236260533439
170.8999096866633,72.07601706542646,79.73534005876212,178.54565856133502
175.83719457124818,79.12344229775792,76.73726068607417,178.8975228608227
133.09396621699807,37.607255629160456,93.71907457217367,150.3670524412123
128.92075774019372,34.6297936277284,95.00101490084069,163.9330429534162
174.40819224558388,85.14201947405974,144.7745871259966,153.12409659506142
175.0335355590193,86.07927930155249,142.3933204928572,151.76786700931538
179.03265757475106,50.53002056936228,99.61590798553992,165.46485631048154
177.9497329457371,54.32835012174583,97.14232354782929,166.77684000506994
165.7099311722942,69.75544442940264,90.61213036486993,179.0929375583362
167.2299876185533,69.03146630091898,89.71081947245472,178.5081515670395
171.16551676083643,64.528181654138,94.65579142343063,177.2359776656766
174.9403165830491,60.48657909756702,96.80466920107864,179.10619420758854
152.84417359416562,8.967585876589032,68.79345712055715,51.40229483709143
130.03294662943026,19.73584681350014,47.306579203289346,102.89967966804721
173.09237746727928,77.42424260646423,95.66550409261522,176.49288332510517
176.80050089652707,85.00509538983209,90.75159210739338,177.9916561485665
169.9781710995053,121.16867799833528,164.7409230264713,117.98721302254313
83.20009511697421,98.90444257250182,171.56573369061215,166.5157217149542
171.84405415062645,29.265387008503215,94.74071516858812,99.61472599539849
160.9901904143369,27.08869826539796,91.66174313037821,123.84809520954627
178.84702133847216,82.83435538277001,110.64494514085155,179.4557369255881
179.10537541913905,85.48103615514493,173.34930360451762,159.34971707232017
165.86340100164776,19.5885798377252,74.25798420939326,67.31084938988022
168.17396009334013,31.20116117480895,71.72278642464573,102.87352628642793
171.69610306125531,68.35786209763909,57.71302883104721,168.0175295796011
166.27304654435412,60.003224362603035,65.84946687835219,171.76406320635496
175.74687447488415,65.45879325262703,99.57906388221647,159.25324844341398
177.07021327253054,62.56279337825198,103.97062581886058,159.10525089614637
171.91827781213715,64.45858894973775,113.87378481738205,172.6049289522265
171.80196609532805,58.76661612873451,117.04185284132379,169.92187940083033
145.35698689427792,53.74002275317197,87.3249242352053,140.44868839051674
158.81869720092843,33.50477849790843,86.60519272558255,143.0432190749596
177.31894114859438,80.95865136058308,42.488639406008815,178.1166671429127
167.2398476281076,85.59192548063527,38.15661732513435,176.24248874334498
158.7081312247263,79.59886035332516,38.69431085490936,159.02805374758475
158.71424428065643,79.92913408274427,38.71134801124168,157.3500660653705
179.96906814855552,64.46548177845902,96.47758905459584,164.4768587137868
177.57290883356742,67.24412798780328,95.53859605087325,162.79410779151854
146.7531445646124,83.56186773858946,31.2915918710396,165.0461545083234
172.71165862469985,87.60100664815491,32.41532805306231,159.04743335669235
177.7878606331156,35.67229404620286,78.13044161445505,89.27194624005557
178.9321692886862,44.33252682470849,88.26732309440838,133.78497225738852
179.96906814855552,64.46548177845902,96.47758905459584,164.4768587137868
177.57290883356742,67.24412798780328,95.53859605087325,162.79410779151854
176.13535923372802,48.751961087931704,113.41798743072242,179.2804840086451
163.30024211815578,34.62643954869698,101.15829724125992,141.96578849441033
175.06270657564298,83.52961917941668,147.7880482344685,150.94223587587285
173.98034173102928,82.06755011848621,144.30101307697112,147.83207319502978
179.96233041833477,45.243791978319464,72.8102678083391,68.39687123389842
168.54570298165754,39.38994145676168,75.51948707549033,81.15867042878347
162.99810531213768,60.53546665986211,64.53820758655507,176.42133482765635
165.0470130488897,55.04316909989621,66.02578905911702,170.97321117290113
158.93048490322005,87.94563595463846,176.9809203213495,168.8199245452204
159.72115819818256,84.18303580092474,170.33838165762134,159.59789112898844
155.26788843155109,77.15169302835812,74.86745729595941,167.11647165828907
160.0599456123828,81.69490714928799,74.94308361937149,166.2841720079264
177.26159215285534,54.05491235505093,110.40242364787315,164.94460800432304
175.91908913818258,49.21369588713282,106.20731959652053,152.20979421230834
179.69394099472115,73.53159761096389,79.34812255148364,162.9168482999538
179.07731084196743,67.93087556555433,93.14433896615162,177.9011073804797
171.0885831268608,36.12340825561787,62.05165933910126,77.62519440792775
162.7742176422024,25.477780350372978,61.36572116850249,78.75728326658607
157.37265830867284,28.986099480814037,87.33203245048065,143.0708880402781
152.08020796260584,24.683428012964715,90.1318184391389,145.41987210151913
156.0661165308432,85.64123107544499,175.70720172477056,163.28158638171274
157.73137700416248,83.40758575938655,170.19794731240987,158.2746465063756
162.92994661314114,31.378834475345233,88.6827608834149,119.53260523783428
155.9439909249294,30.28699624503878,93.03174427904148,140.97969869644112
172.6145635577528,62.174514259255396,101.4441294607397,170.5810142746198
179.01596875511746,59.91029112752916,105.7405911942516,162.15548711090943
165.2217926451612,57.30440042112106,108.19182518638536,149.93444023908046
169.05277136036176,35.189201122227054,124.52876633744143,129.17737661046093
179.37015280949873,81.6482034378459,35.92798064800551,166.3130414335526
178.73315033843755,87.52777040198066,25.035617319525088,158.69830694364606
179.45783248268037,57.407750497908744,59.504050091472664,137.76673290362842
175.69391663804467,54.49017045345918,63.13801479146906,132.44896367824447
162.6932523745415,34.58314409795646,62.61810742282427,79.14926923507234
177.6182980953467,35.60743409456341,63.57115919881505,67.66944741860631
169.59007930423803,62.343460528519294,87.7605041777366,165.979110399355
170.8128837987561,58.945346118408764,89.69098852327028,166.22397543366577
137.88324718445372,25.532046664083737,83.96671194695409,126.67823541165899
138.39267801745692,26.99380578500639,72.78438517053507,146.2105183617223
153.10745857386334,27.153435001487733,154.11239988849687,147.7281291847052
163.82082511550925,5.241329125975912,123.9505196754395,126.09087108786977
177.26159215285534,54.05491235505093,110.40242364787315,164.94460800432304
175.91908913818258,49.21369588713282,106.20731959652053,152.20979421230834
134.8229923478357,43.03259750521508,94.4651366036598,152.71523049024992
147.50333149879995,45.119567519383686,103.56676869145718,151.66388972470318
170.83341491105048,41.38525926994392,65.96899957647197,64.46279291558932
170.2427819256228,36.19307641899142,74.58776877540636,68.9988008010501
159.02005815336284,42.410355325707165,69.84359013909928,155.46129453687175
157.72455004429557,45.71379442737716,58.03420161104882,135.48090811648487
172.12887331400862,59.50380285237989,100.16467395402611,173.11936977812545
173.388568828131,56.10635005470469,99.50813501114561,164.49546356433285
165.8063580005651,95.36216042456326,70.93451999010824,164.19126161636441
169.4413610194463,89.13126497147465,75.40117502927217,166.72353963382676
177.1082360051304,77.68865431202425,90.99939210434981,168.12652744498868
178.73420039720406,76.65385374966822,91.8650174890036,170.25675995114847
144.6787470424583,65.33889115320355,47.45078405031922,176.32717428624747
148.54793218300276,64.56619846967509,52.78956286812222,179.03825708230264
167.51881488376597,74.5182057034041,32.94363792484328,157.3852928495075
171.0444156274947,72.3655612065826,39.493734593879026,157.13972633097896
155.26788843155109,77.15169302835812,74.86745729595941,167.11647165828907
160.0599456123828,81.69490714928799,74.94308361937149,166.2841720079264
179.79948851353478,64.39876612779932,104.07321374839137,173.74082562358618
179.17735559843803,63.10307600865487,99.11366403471135,171.78341011840584
127.6537909517558,45.093069067746114,168.2242696315437,179.35956033116952
36.777664316649954,89.61462516189593,129.0833460970647,147.66353979845135
166.2802221618905,43.4927055102721,71.18809078535723,157.7353801856998
163.0561557092098,47.703765411089144,61.70328968573065,139.60419601891485
172.6145635577528,62.174514259255396,101.4441294607397,170.5810142746198
179.01596875511746,59.91029112752916,105.7405911942516,162.15548711090943
144.6787470424583,65.33889115320355,47.45078405031922,176.32717428624747
148.54793218300276,64.56619846967509,52.78956286812222,179.03825708230264
148.78083065062373,89.65398888387593,60.21268047934957,151.42365321475882
172.2793229193373,75.39955873301244,63.35277309057453,174.8579621047398
171.88442106536712,79.85963068509373,82.63861387237574,157.24654159401302
173.99392629562598,75.02163814402478,89.26066679181264,157.34469412142684
157.37265830867284,28.986099480814037,87.33203245048065,143.0708880402781
152.08020796260584,24.683428012964715,90.1318184391389,145.41987210151913
156.06091263886432,22.502724364736274,94.24736850663416,147.8675580511266
156.98972731824946,29.22696658513161,92.52176259473782,151.2359020660458
174.12946869245357,72.7443338887251,99.1129506227614,178.5278730015573
174.47708098682128,77.36611923003024,100.38563767216162,174.80167548024298
140.31634230751598,17.29712569292276,69.65850161446616,107.26877039239285
140.80108492286746,18.227993028646615,67.8089976041478,104.29164407589539
167.51881488376597,74.5182057034041,32.94363792484328,157.3852928495075
171.0444156274947,72.3655612065826,39.493734593879026,157.13972633097896
176.48471190833857,45.281850866636354,72.19940462885252,70.53625706031494
171.9026008462842,36.92245831688181,73.02349481207646,82.14812270867509
142.07469166102206,18.02589426905687,71.22111629086481,107.57749981295615
140.43788930653344,18.016256789931585,69.28303232311896,106.2937324502624
156.85021412049792,140.30844679194237,10.096983255235454,157.02977741632932
175.37793303556322,109.22921297929969,10.432423391988099,169.12396395210095
143.37272095793097,18.9761025374872,95.72160788802472,129.42458954705978
146.62112167579033,16.792770715528214,96.51074274975826,124.1677971950509
176.52062346906277,47.04716046449439,65.43016561169924,60.47144639450892
142.95818615924864,26.252273001653766,72.91474355035736,70.27205255978942
178.68872830921646,62.86799456214375,87.98876411224126,172.74830494172681
177.59777682940387,67.59800809160605,79.54630732353675,161.22669201536
167.15294833787593,70.54720644193057,87.36784898138995,176.95626496837485
167.5015807798209,70.42255132616829,85.27031874707687,174.70077397890552
7.25856212986848,48.90365710440535,103.64941730372037,94.5276918282032
36.63417692073115,43.34657719450662,105.69943081671387,132.3874350417277
171.52370527462287,34.44157525250293,86.14103197698336,101.81161678368001
177.04955407392225,30.825316182281426,87.54210322688645,111.63030350359928
159.68953322897522,70.43600665710949,34.267295314784576,153.66701595915978
166.01600442679586,69.70832658278526,40.63555953159869,160.42297189673323
166.02777203733925,71.83373305695538,90.34868907528572,148.05632144888895
174.92920243486583,59.245420881366115,91.6217937937914,152.75693979920803
147.54724536291045,122.12442803187113,36.89458582985309,176.4183475224309
112.28450658946676,164.6754012424808,37.47234723066106,176.65082885183864
158.8176154145887,40.75770940133733,122.28422047980328,166.9059753733289
160.42320987639624,40.17578109639396,120.96085476731918,161.45297812011668
42.03009199079882,146.17541862631037,19.28752155316117,175.19651598452714
140.33372722364723,146.59632674126385,31.28788786449072,173.04198792463873
174.54991214748182,70.92907188515022,92.49826048782604,150.7429184472521
175.8158615352712,75.25330982837761,90.76530458884075,154.25800639912157
162.00587291834282,87.05765113961178,170.37480628835493,158.0453300918231
161.85873693848782,84.9462933424463,156.85228054621462,146.48370610767824
166.69083058481297,86.63594331040495,171.7498582287921,170.5851840328962
168.5126600542242,85.87959102381843,171.94268352375678,172.20405358561086
177.19612846277946,61.30167663268734,98.21723255628189,170.30926706755045
166.75754819506756,60.51005597446676,104.95644913336282,172.66305470405462
174.17623071434596,61.29160717733494,99.93868695874431,162.0138041699195
173.970635499904,61.935109332855035,101.44585263979769,162.2410647433174
168.81912000080752,21.877280711514835,118.36651754733073,168.77057258439163
164.26734125736152,24.434564352023642,113.97511392095181,167.34651950089633
171.64866666506757,31.17820913367226,136.39973118173964,128.05386811907354
176.3135710542265,39.88113762907523,135.14363917596182,156.76915610277263
174.53368023178874,23.467894043923955,61.75700366955397,59.043464756288586
172.79161901469334,37.802869630474774,59.42686435429562,89.63912343782197
115.09450787431669,65.74573038413573,108.67618249350413,155.38649873802746
157.59758638242175,35.208841956678256,111.74910614133223,158.94223848871925
177.5560734983439,26.537629426407182,92.0338278417301,132.98718003964157
178.4795350372595,25.2603976885381,89.86725393915708,127.5784606688809
171.61253391626386,46.6243063870006,91.82235840481876,53.61296193779815
143.89898873253313,41.86910512967765,98.00474966278995,14.900635028997737
178.44759755484216,58.78534388759032,71.78935586229477,169.76364716839984
178.73075830244153,49.15540330618853,84.77755859188686,172.99049871344246
141.61116358631497,4.976894425464458,127.59494721081785,179.28770359682488
130.95128750434395,6.5012678786214115,123.68201275309647,140.74845739863565
41.369796766049504,106.61137424403356,105.00030937529763,48.02333143599827
117.6207236364668,104.562485824616,99.08209311509307,78.52841130169699
1.6251988847359846,42.28700078177934,101.08862913821658,84.63356300509068
104.2411850982025,37.561212670249795,109.50667258699956,127.59177105350929
179.8390943477505,76.81495454959071,89.99476658840526,156.438906675646
177.81261461101505,80.23233774036673,89.16464225899843,158.81310311032178
142.53524654162024,38.20300368603002,101.35353949211833,155.92329132540442
135.73333110381867,26.731178152742963,70.96094412414635,171.5810710600431
178.17999910489345,54.0483855640946,77.89115438046308,174.12223674578044
173.8305552831494,56.53009285676853,68.30902657214651,162.11122155646584
171.7226936298378,61.962877060457096,90.13275223549022,170.27000661863815
172.90351071958312,59.02622324527167,90.23132649790858,167.87405237455488
137.14885643889133,65.85538473349997,104.36701200607595,130.40083520380145
167.1768833267778,65.46560904816941,70.99381201502784,133.17426813990213
179.873713121484,31.96276994777245,107.81665853944406,123.89295398542913
179.72233669947096,33.76815492950274,105.97512264792624,124.23002080394389
170.0261221916982,94.39647197495992,179.0016314121573,168.57741133206378
175.95276855598271,97.91380840706185,161.70795077619835,150.12786745839014
144.17059610128922,15.610098827866015,100.49705981249741,153.23916808227423
119.9033593634488,8.639673693001805,101.98011792026875,175.37233672082203
171.30493840817795,35.50935078678479,69.30192508194227,159.48547061945334
164.99121988109377,28.517925709612282,135.03723873101137,115.08374741310034
158.95139724165296,20.34122028882609,69.69575532403098,102.09751839028252
154.63205552253876,13.96582184685702,75.28599933817175,105.71226995841795
165.0905291389735,46.267200464265,109.55084038695998,166.05061198775533
172.13889111515135,21.23646921927123,118.52619507815663,142.11580857617503
154.38492904983764,42.68974054638189,76.12186737068578,175.8527126816548
178.66878254594644,34.57733107937601,101.28168626212147,161.2475299904275
174.70938890625055,64.32677936764337,97.82162366744213,162.68155038843793
171.91768761734815,65.89902861055685,97.6690666029403,170.81241500173
76.33762615082654,121.6491930423941,4.019835677265572,177.19203435528894
72.51349311207811,160.48475078466294,32.639601760682154,156.35828632821122
160.57190080159043,74.92942482176664,176.5691800682503,117.72750883927414
161.1247856622826,74.44707253846286,174.65922213095357,149.31170033519885
178.1354962835076,43.99393098001538,108.65049060394156,162.73916739679353
177.92958992422334,45.546962411708826,108.42585907910762,165.85533096342195
167.37221014063465,66.70782803099475,90.2868822744469,162.84520349417545
169.4899316173332,62.63377933977172,96.77375498575793,167.61794512792474
167.16456025290114,40.87816561168529,111.84781445658903,159.31547932297005
164.38308545891647,39.29102638708433,108.5997355166225,156.13034867688955
177.77884809296657,37.13220065692974,66.38706052833703,64.14455410775196
161.9901501345979,35.928892977967905,68.85426084215692,64.9625185957022
175.32374769787455,74.46750302832707,38.80254534908232,156.67026854951214
176.28959998195543,72.67177418212434,33.50892153384922,153.14655261887782
171.3538221048699,38.82047068297891,92.63750329652262,160.92546475948737
169.9246882509736,39.60412197229568,90.39509041094556,156.4795007414967
48.00151667032249,98.03399340634105,123.48813174427937,152.65000118500672
177.11156206338558,32.2459436569665,109.5920188600905,150.03415751945911
172.0596559294265,48.608660958667905,71.74447885084686,68.8365771366926
177.9049957735186,40.262746334223586,71.47638780250469,75.52467223696993
122.77991502126524,30.53619769036669,81.69405752939097,91.94910297153194
163.26220001499593,27.92951802469377,77.64319543149996,86.23541223301947
171.23866517732705,38.569370816273945,85.30615026942482,142.16822446890302
161.99934436755652,36.39214137991712,81.02003116666873,147.3043897566766
176.51612504569587,72.58313259064731,93.02360644041875,163.10089308523936
176.51048293371696,70.33435560545261,93.1979599408183,161.18129414425957
167.8688366721573,59.766746144469224,62.24374525389385,167.7324526402124
167.01722061287248,66.25541667496331,60.195745468233156,167.87661044955624
150.69140395391807,37.98876794418296,103.5577720788733,160.9166697151691
163.1688820128745,47.041867800961384,111.76704478444279,177.0188742601303
155.49685025838605,12.706322706067589,146.46959932488505,128.75548702829465
112.89340137380191,14.387047076760458,175.08791098235457,154.27969236460422
157.16646308891043,75.42559959564562,74.8852700586132,164.8348552158173
159.72595920555997,79.21852643055325,72.20032425881864,161.62748366305243
143.9187580742533,31.100940646225446,169.87259235888843,168.25145549275086
147.36738033970647,27.002724042610474,163.4641632844603,171.55279354110198
178.31590595201786,56.742167559972884,108.50868548253672,171.32333294646938
176.02127244760803,59.549994351451296,108.95587669474585,162.87152613087324
174.63938939013067,62.5234654444711,111.56266696018166,179.67403711813188
171.4950319576587,67.04382291919373,112.22650619479094,178.42108395961336
149.32395197900715,64.92236339927177,47.400477962688896,171.4655290541142
149.0090049611081,62.285721668000974,50.84143341937369,176.05445865994025
174.61287957929787,44.524973590108644,95.73007238970689,125.36364599233829
179.3362827049146,40.46044665093226,100.92004022747271,149.5402265024071
177.1940311080707,51.25062505646319,102.74439049716175,166.97565400783532
172.22174191026392,51.068474324495455,100.1046931203343,162.0904513926781
173.8399569364846,48.42631217655472,62.11703019377635,65.57465233448215
164.97566359130025,42.16119106342267,64.63920274425857,66.61155825414744
175.94761547502807,42.01295365669101,104.26029181374479,170.106752447115
171.18511927016667,32.564100534209565,96.64168642859948,140.14430252429548
152.19205031805757,17.665973072037673,104.37300618120278,110.51440310532612
135.5871634855249,17.242652903469825,91.59891150985351,92.63236152217895
177.46362429720395,69.81198459434752,66.2528852246142,167.16321663451998
172.36494484136944,62.24252281904321,74.08794100706677,170.89038346765176
178.98892970912198,47.43801663362484,78.88783110313062,162.18172515919636
178.02649865600327,43.619718807037465,86.87580757432994,170.73865090263686
138.76598128240872,40.190388037408106,150.39749728117647,162.3078157708759
141.5849699720485,34.34616229475217,165.96040441665076,165.78545781807787
171.97270270432477,70.96106641529502,102.61762846915536,178.79065005702807
169.76213999044145,74.2149502113385,102.49229081554444,179.05493799037802
176.08417232633118,72.98894466023047,113.63826002638159,172.66878938549033
178.50784713650737,74.17059028133586,111.65262300741634,175.2386865710213
174.38070854194837,43.197612715235834,90.67505163614885,158.64008269759205
168.27757536421916,50.64760322213144,89.05033649814504,158.73068924418
178.7283077106208,52.43003798974665,110.36653303819367,169.44864140904374
175.86683464994323,60.621664702525436,108.04210104546169,170.45652924046752
176.44688325466416,20.360740032448426,140.23437725919013,136.93479116217915
178.25040551626728,19.65153307223225,128.44881969450864,132.57586331250045
175.6196235895513,73.09963583013018,49.11145086511073,170.9369418960798
177.1259548210314,77.94258127244174,40.78823920349297,152.44109301218126
176.4966991544537,21.175340226565414,89.5112836765019,96.24586557941973
146.27893750428845,14.757201802589972,90.56461448760139,99.16619186329683
174.00309799525022,51.27503754469183,118.02856281385803,175.41084005305646
178.08836678156754,47.00320497793888,115.3618279860336,162.7599228262279
160.33293955026284,61.254268319705936,83.1179195071699,164.4599847043328
171.39501728842063,62.24405199369897,75.60176986918277,150.51373920238026
146.88449354307218,70.70526858572961,20.372173415557313,167.28986448731683
176.92147572551568,73.86181767049159,41.66082662909582,167.61377989886788
174.85977422298657,39.84753366789413,118.98529681211616,160.27180451843157
174.4572585797141,33.3917991736754,120.70294097711232,141.39321123351274
176.15637858567175,53.774151531342454,95.15130559068602,174.53933002194452
179.53502807790673,62.61407749446931,94.48646271991078,176.4781517244325
146.1566526501612,78.30332673574884,68.588153833346,172.6698758211038
161.68661751483737,81.92022128923868,66.37713574309984,164.17928240668394
152.33577452179568,21.675828547690898,79.14939460510035,126.11564778210308
169.03795766816847,24.40532754143262,89.0831304241259,144.59445324325878
165.96970977961936,57.669548986264346,87.56484423545659,160.85627806864568
172.9476570338576,62.697994559545066,86.84237878254204,162.6172742065181
175.8524898020242,61.728634667507045,77.843654360448,170.3004725491104
172.03223457136002,73.11830952878123,76.62076460716594,171.90202734486112
168.92135438671974,32.357988809671966,111.87262974097393,127.27579955869682
166.99608814604835,31.228845337069057,112.88386101827311,131.0837336241198
156.2055002390338,17.610591276933917,76.33403680430767,107.45089477137395
163.21597677475762,19.512249036323304,75.0869240801566,111.5495864021544
178.72670680086648,69.94306229422033,100.97779650759279,162.2629233712912
179.94587352333875,66.14643170471383,103.98380248248176,162.39859459831854
166.10524491084382,80.33072438241165,100.66889520387167,179.618354527758
173.9437246917643,72.45640632957797,100.60260989812502,177.76818220148024
138.15915320039704,21.954766914439496,79.03103858623183,55.28472659412298
132.58426574059874,14.634878871040275,85.46679553796741,44.11368614233856
170.00294595614818,36.00366923025345,90.88658268890337,84.8311005178889
157.18450999287555,42.0829871282775,94.68150687189204,81.4855519250047
178.45596539305717,77.52612014823956,87.69913277731646,159.69737421895942
179.20952463606937,78.46378705083468,86.49715999277734,166.4490387182288
106.29558558372207,3.609095644457123,162.7212124324387,158.27971130053342
61.46111305152573,1.572072493532054,155.97564868341317,157.84362551355258
175.98181927454388,68.06565576284049,90.96000690267591,174.02488015062198
156.75386204737353,89.2116109572273,88.3886571970216,171.4701374357949
158.3446496995696,13.61706506489356,124.71698822971106,114.08206453122514
157.90092926563767,42.298688966727845,137.71612027867022,153.99503970068406
173.31891680944042,79.0379322119134,30.740449958559466,157.41466859246862
179.5861131218196,79.84133977571662,36.628307352730474,156.4304451940585
157.3616301023298,77.14200574226267,74.50726601757908,165.12336162911777
160.35452998753263,80.68502877436545,73.38793637327467,163.62648479910698
158.0857652648751,71.84222440262602,20.093617014172537,153.8619443814413
169.73875085172105,69.78725139994965,49.01461428254282,171.95967931542137
85.71662730152028,28.35641101606891,108.28353448332157,123.19964635410395
86.07137564237759,23.885889615472845,116.03696067823078,77.63902961727715
171.93565971634132,63.98242916568016,74.24169710466902,168.59210975341455
175.0361409770145,68.2909594741889,75.1828292064348,172.19127501401275
171.44933564376743,65.00880728528358,93.44704753058039,167.86796455006024
171.0640687599263,69.13721562843591,88.25950670777351,168.34798517901768
174.35087741373547,62.33500319747115,110.58909946635359,179.76594790024706
176.1834761682202,59.94465191708114,112.39036271996372,177.73532986626117
169.03209821119043,30.846330276244515,89.79817780118307,89.9643679291018
173.68506994269197,30.009519146094792,86.1642122980283,108.91136538852356
138.56657125007055,28.96922361182964,116.7048929908144,170.31319427233296
139.01452718906282,24.627044988176685,122.17362723865547,169.46449632264947
168.8184876029635,46.721920258403266,116.48632388810117,163.53042738699813
165.99665889325448,45.26324281242477,107.40317888528388,29.98464417326037
177.24952232203168,69.57516800631232,88.35255983942444,162.97525421609117
178.9696851150251,62.14327413100298,95.1223545894559,165.68005273990246
128.13359921522522,130.85194585775645,3.3159552418992315,166.09686637922962
143.83530502501748,159.56169033526692,26.34842248579606,166.11762081431255
156.8216594493487,8.790438751764723,172.97340857048113,166.93200495530735
154.07220517029694,14.645641667685696,175.62745493379094,146.0667549106226
130.3030030599009,117.08359958319058,59.727157993059514,137.3416362446196
174.97475031719165,57.79755497728668,79.3292860686548,108.68467092558302
171.8411508755537,64.01811605467589,89.11127370798107,175.6092469760322
165.11502289290735,72.64648642811059,84.60955577142994,170.3053526412698
177.99396798813504,71.17392736837735,91.2651190789087,173.60478861241552
173.28749542020856,72.17065604073296,92.82155334901904,175.42349812158028
162.78412932259693,83.86998361439373,33.10695902565434,145.984378693809
136.23661954375353,71.80028680488358,42.19196389247031,153.24197464923066
47.97149883910801,67.674856941734,121.40765067178639,131.02712147253254
93.72982233789647,96.42036580797436,20.541556877142494,140.59017366400823
174.59116374401773,56.57464236985438,102.39150901533876,171.28271008763988
164.4478062465791,65.31332704171457,100.18421214658453,171.83137689406738
133.38806550346854,115.49304181338607,19.524993747631676,161.34856171342506
137.9846739844065,119.58188205437827,14.251424437724287,163.44695583404587
178.72485291813408,58.84494271358237,100.82381323211115,163.02386064622016
178.6453936288596,60.35684417229328,100.0269088439851,163.122004037343
173.68636958009648,29.72445283493987,85.39195628537014,112.69236809548525
173.3670498011385,30.012642652249724,91.84222748692905,114.72588919011639
169.14819295715844,79.4928231266276,79.61656116930749,169.9689006532141
161.61238831821163,87.97107979847675,81.91080931535507,171.9650002301888
145.8705683136427,62.503425678657074,80.76717932238108,158.4072887643276
148.28480652759572,56.24061694927046,91.15723945174318,149.5633878008769
179.3869944329658,45.14370191162465,106.8627847486003,167.35770844453367
175.60833093990695,43.92961466323938,110.80922104824988,167.9835913148793
172.7618109773962,105.16423786432074,164.71921733638686,159.12813443293268
174.7041072275451,108.11667813421872,150.32373522267306,143.14583357203568
175.29712622356885,38.2441619313106,86.29418121174245,101.53479857687569
174.62649218401035,29.20470545622807,87.71510341072313,90.5748377788754
135.71512123943896,88.35040766798977,55.700995152000466,174.67537081902503
169.5189724165908,59.51789803786178,65.21540941560579,171.14811590337564
158.12623558572778,68.90097977650186,62.47947654294765,166.82235837743835
157.62588835957735,68.0632090100064,68.52619959118599,169.37481169257737
146.25415601959605,63.47991651854063,106.17680767321816,133.95662754548783
120.78557722064718,40.088627262792215,109.17777868256243,154.6768382300983
106.11050291907003,37.62314016982332,79.29912266546319,166.1246237011504
100.38342379901394,32.75741988134072,87.27125169353945,174.75697223330485
167.29635869184955,38.250789236985234,91.89521511216562,97.1076860340633
177.1873071487659,36.51417163204472,90.61678894759562,83.17344065592738
112.15168575766978,16.691191957650958,78.11302017647677,32.109930924207895
148.15210325046752,6.198965354380825,18.104735191503234,28.393151492998854
161.78665220411403,27.596360645771625,126.56404711909713,146.64263808514374
170.54229065506854,25.960633686605952,117.75750033947428,162.7328605520438
177.04965455007425,32.03652661789863,94.59900969141522,137.6562449275076
174.6004097453262,43.17007023313951,84.61050303449223,158.91275113570043
125.66875148938738,35.983533354293996,85.37477749706017,135.84498361927143
128.05634239808333,34.30060899108719,88.76376266142857,148.93578938720722
179.7724378697061,69.75312590593121,99.83497484842339,174.77938828038418
178.4671688237469,68.81841962961427,95.97428822861936,173.94958989673995
179.57008534871719,45.28410994371372,107.42431532139972,162.54096195135537
160.6428608158786,57.32015122647462,116.1933181772547,167.27007754736647
137.10911409914618,43.656312426089386,150.7508879741643,159.28172931779704
134.14470305808604,42.050311008003845,148.0723334631562,166.75869176097376
156.80256982952832,77.48743145280785,64.54724033420388,140.88045380065682
146.41047693628076,82.39958443307769,43.036253330721365,133.0640839220879
161.0739405373151,30.50416530904284,89.0735038753046,143.3305155600769
167.4257349073959,31.545589686799094,90.37644160335975,142.6337213518041
174.98182488039276,70.48383301738113,93.91504225980864,167.21588363525262
174.52459954728084,72.61109060451003,95.22250229526225,169.84061691512136
153.06167104025968,19.803987064128382,98.05562462916544,138.12860053100715
148.92734663430568,19.90342294305144,91.33906191384169,138.72142429130895
173.4023156550618,61.36153703397987,118.73537316304915,179.77514335865877
176.5309108444619,61.31838577492218,117.6422684424389,177.95494547760876
132.16220059602568,8.15620732385366,128.2924601510598,178.7165531883336
170.04026096372584,15.857806429135215,129.09266092270036,170.22255301482997
165.27838280319273,53.08770425258329,66.9079331047056,170.1545548623959
168.7435569787206,59.58149476955621,64.3764328355521,170.59194760785317
164.33615266717752,34.592377470742306,98.03033067247617,131.90749156882944
165.91575970647114,30.280207747890056,106.49639803534734,139.48456129386338
101.4338895636945,128.06649676301902,60.379566445817034,82.61253118515572
91.4297048488688,115.74753235977924,62.7409881236855,77.07149306018627
176.20222267281443,61.51167249490225,84.7981043111545,179.7422228057538
164.3619955154993,51.79469834155281,89.53752115494889,179.44827917327916
174.76349158569454,49.539211044137005,106.11885110051153,145.6726436689682
172.50683970877247,53.24184627706231,102.17625109769858,140.05949332260246
140.55676822071058,85.67056093499745,92.54646703799023,150.99276283183158
169.44378102426163,66.49078244499276,94.42077737262001,150.2577969058827
152.2717031636436,33.05185850309434,76.01116930411179,160.7879765361336
156.10955539890895,40.05398952901103,64.11416543809655,154.57699886390998
170.71207832411602,95.42146089926135,67.1928833054317,160.845533567337
170.34987223908624,91.68132383817976,70.79889356496446,162.2187262965605
177.16386994972962,63.644738887185646,94.27642821768006,164.04069734346868
174.44309364316032,63.4930317636998,95.14667626521577,166.2409383528469
150.9829429685249,112.67012649661763,98.13771364100779,149.50453132988318
131.2473603955331,96.10547088047257,91.77525710238547,145.41411752188293
137.91886377805315,134.23757831137812,90.7455958716059,166.12986085500594
172.29090709172414,54.49961338482541,83.20511747692304,171.4716944185239
177.974328219966,50.247261934518214,110.88646174000161,146.98398259429254
176.99526273340658,58.442916550389626,92.93794598285359,141.91958202657503
163.8167678488505,69.31324408317259,40.60698215667033,153.78761281248853
150.67034057188815,69.76133609254252,38.056937304633166,160.02649113208065
179.69253214240743,43.22071428672733,174.28591750227443,175.64128721806344
172.49361642592294,41.00945040865749,168.75846982961315,176.464949939643
161.7368791575111,124.94470863724928,63.542603652051014,56.42471037905428
160.3470179082232,58.55757263438243,59.97974219456654,79.47773118083089
163.8734044340232,27.487288022839866,168.67003011001864,170.45376200830674
166.05361402983237,29.483313497710697,123.64563270792041,76.61755859419765
176.9676905936317,30.869700169681312,52.29041484917218,60.43498792719324
175.80262401484654,31.792434392528264,50.41333331864752,70.27335968653352
156.3649537431181,76.70098967361912,73.41086527519126,163.82959532659603
160.66886197389647,81.57069065253387,72.66979895550246,162.9162819422592
176.1258560252336,55.58332515473709,105.80087321791785,166.4652703687664
178.81905333520166,65.80471505212562,103.15870177880907,172.86957149894232
95.04155603906287,170.03692456681765,13.632335721456089,165.45256139936836
97.52781555796406,175.2323694099176,26.565983961583374,106.87903694774221
179.0666775110155,60.80672657601979,115.47934472730837,177.97779526204135
177.1369224485433,57.07561784242142,116.89572511769833,177.14223895245982
158.67811574918585,46.692291695659186,77.7462851673191,165.5379589317601
174.99111451819545,65.26122211349505,73.85841861513823,177.46972030874775
159.58643637351554,77.22685292601659,40.936415414904765,157.01410789878932
154.25580720047378,69.62100824393184,48.40579019363767,164.35608007664408
120.04903876167609,153.95397626295497,3.039672732963447,144.54859272976242
67.00901455453274,110.55338889395334,2.3443185686120924,174.21460348857005
171.4671701259176,72.6091383727231,40.38762426105273,156.5362210212887
176.03925384999593,74.77523461882778,38.474071382119135,154.36874354851508
173.99122344487864,2.374703014024256,145.49371975124717,91.80180861238841
164.7785476013767,29.653827958406918,155.36562175267434,158.98625695700824
170.6200666261249,94.23984098943293,61.38776567750639,88.1175353150337
174.2176608646374,53.427314445713606,77.07217511701141,50.46880218339862
169.45760429949493,49.75501271608091,122.67505073790232,157.4449097988007
164.0042514549277,41.88709102244534,134.56080783219312,159.70704221662422
166.48676730704528,15.441992482592898,93.5359228731449,151.6684455585523
162.07424303840884,22.1653215067899,88.94214191166316,156.397137277691
132.45311505617917,59.73208659255276,96.75976885586584,149.37459205178988
179.11509782002906,61.657214697664806,78.4088331289829,163.11428365392518
155.07403424116671,32.19390768283584,87.09150184794338,156.2889740673124
151.46858393309955,26.685994169897224,88.0113060791333,151.0504215384107
178.29430299478608,68.25678075130095,96.7456071301181,169.30057460764368
174.8826720826572,71.24016819707907,96.22686586593231,169.1770859478309
175.71295800515546,62.759742151711706,92.8901733664182,164.4163748879935
176.52692909714412,59.03695253752172,99.10223095066199,171.1595642665682
10.057817453202832,77.53381384288537,33.05009850463111,161.2607356269354
30.36595667560141,105.49852840543852,41.814787852446344,159.86961391832267
153.6094499268623,30.333420569919888,80.36027620726017,140.36737518465023
158.94234138222507,33.8784579975048,79.64105323767794,137.91815343769562
150.83685253767842,25.509683490647223,99.06771395462572,162.28380157509474
145.73317432207912,35.890844341650606,73.84098588454489,172.62066714477916
164.57952421824035,98.37167451145189,23.38219305958631,162.04444216301553
179.14584070335604,111.4210863786137,17.408920659505203,115.47933804068373
173.5504546959943,68.88209549296168,61.30218279284924,168.63214728943785
172.5193407019719,72.1263427967089,55.45709333574044,168.9203914551214
168.8924601125484,43.21392675712304,81.48798258917304,151.9554969159486
168.851754718882,38.93447753705687,85.81775489401758,151.03635321878738
176.82020152100432,33.506008473681796,127.88423116376815,160.54882914823582
173.01135312283725,32.566260202677924,126.67221314867803,159.44004075931633
171.86995314421208,69.3971144418341,85.14155246118287,174.3025936155817
177.11765991760544,64.56868740291262,90.44381743767457,177.5116255600895
174.77656909665396,46.45794055970497,118.94567949214382,167.72443364152906
174.99917141023863,42.50570093913823,111.0356579969947,149.2610045072903
170.11459969795857,30.51556526894797,117.2718479348829,161.8520354600065
152.6188805493956,18.683888627471973,113.41205123509654,148.40768411594755
173.24852759509076,62.78797390281309,92.41985687804134,176.2332198248629
171.8558960505512,64.13273762433296,90.80003277730765,175.13439650917337
161.23300135847018,24.76428124685717,154.29400260529553,153.27773040424643
159.58009839617822,3.8683652909597117,138.33672684731886,115.84792903701788
174.34836158504064,50.13436943299178,81.41698346275012,177.37838532270635
177.90310467703378,48.93163455458237,88.85552252795623,177.98514217781715
70.18226531874872,36.8756695593155,43.096668548212556,153.6128688654228
71.77350799397372,31.473483142717296,40.84308761121648,159.13824635538157
160.5651900478009,20.888841801823748,57.20356612063873,70.78164670246008
148.18198434361682,19.068566447651584,55.07124376896174,69.26102827532253
178.29021093447628,46.99872361252856,82.50436757368766,167.74941142796212
179.58989879767816,43.48299110312307,93.68582457795219,177.75486267339724
162.68574646695163,34.78239526515827,90.91331181638424,79.61716092743634
179.53602249485076,38.59772146609469,89.88258401432648,73.26189511203913
175.27351546710858,47.71164077184916,109.36574390960553,168.26795141556042
176.14945982236193,46.653844740707086,109.73470827368061,168.73827779770613
175.84350531054815,34.06422279006081,98.60110045940841,102.85893444558076
153.8189490924496,33.51621644352826,97.34824898665953,124.60631741829087
176.77643756698606,86.77117092558458,165.9506280949339,168.2626888007163
178.0462417528406,84.80204082481522,162.01498839334255,155.85244893279113
178.41070541053355,98.90895719373474,147.34735564141167,159.16221046571502
177.59954323112254,96.33203060192515,159.89343693952623,169.65740191552885
113.40230223573639,22.05963695631222,111.46385569470863,164.617975785181
85.45978181769829,53.57412803760465,119.20008360242898,169.72028445776368
171.09883404014505,74.94883666723207,87.49465448559089,175.95751191507307
172.7140936372462,79.03168983009155,89.22510129945127,174.51371947002957
172.99522517024496,76.26220280800432,26.511121740399656,154.7229431393455
177.64558443212053,73.52666948015275,37.91227149021984,158.70097349249744
152.08199881833573,70.20766721725948,44.07370909414092,165.30678812885114
160.2533822294358,85.41351401993865,43.75630626728818,160.13563909934277
152.59070356222202,21.10024732860218,134.63054782164636,79.46796417632314
81.29641537005966,16.676647427073647,142.18139631159852,103.62469581054613
32.564163717022744,30.670810253009307,3.182936035361139,166.59947684792354
2.4258544410802845,35.31821830028105,12.948782388045663,161.64191052303397
154.02597412416117,78.33894365781487,172.92408300491672,155.0106858589298
156.9030142125251,79.14985283064897,170.52435290610873,155.84347470622157
177.07570238192585,19.478206799972288,158.65651994478677,171.1119692827719
70.91968734077173,69.72024167162846,126.84472407893048,147.75192624140115
177.34328488403017,46.045853722822066,101.42379096230462,164.54945989687485
175.3422434755145,47.55521243846695,105.1702497179421,163.56242895888766
176.2941770247216,73.38193030545254,88.58807867294756,155.20523160885568
176.25848588099956,69.91363535157284,93.61580059422174,157.8231832592408
171.22248744884564,69.66987638966212,41.11911982390053,156.1202368967493
173.0051447652297,73.42406839942248,34.67708253082909,155.12887402421853
175.17103355590268,56.706863829720334,116.10945449022911,158.9128515806336
179.65216275278277,61.26568018452497,95.63858759350879,149.71936291911055
162.13716274944971,104.85407547527048,63.24691224631797,172.03518179752695
158.22089196330592,97.52664753057195,61.043983482051615,168.61983550286783
110.45407209712619,34.10815721824696,89.23571102589092,175.11592799633155
115.98188710360496,47.79558956939718,71.83940506591318,166.73605946771642
174.39862056325723,33.19640056472521,63.356249895435155,69.29201248826051
179.52583886995166,32.90955438076128,63.21399395807322,77.20714289335073
173.43198672480625,48.779949595597266,87.13026541758722,157.58583711085475
157.875090334163,45.38807167359789,86.77853957996456,161.3062873539621
145.98733066851347,27.676895968844303,73.02389880705924,143.46885420168786
154.11905680888322,35.84264978938046,65.2921037890432,146.11599908266217
142.68691024877518,2.8997946203600256,133.37412639824262,172.9873833999569
156.95990647131205,24.214272122407124,147.17696306392148,113.0153444768743
166.9495923604286,32.117899836558756,50.319435949697606,71.81866292941879
95.85254617606027,111.83884893818862,7.363932987448951,169.06539325153403
113.58954692987092,11.307789176625763,84.2646368700495,112.82533635180036
118.08827282147213,12.563619805627113,82.22766407076098,110.36900815262413
174.42936501504582,38.50867631188047,85.45815086649458,154.37081976911733
170.12779785555347,38.981416611657686,80.45499998003288,149.39990745271857
169.4621834084369,40.76234168140089,101.77868797161199,154.52900400639854
172.91521824132838,37.111238205148325,103.62195764243256,162.7668911646346
164.10995136617606,49.6189508460084,105.54955796835051,176.70842756684686
169.56619998383175,60.43468113430591,99.93265245524395,164.2686322408512
172.3079925328885,64.69878034087066,102.63440258782097,177.3938150631402
161.00560125882473,45.179217162004704,93.85141444964812,154.5984368392024
176.7741821960424,48.84641545260484,107.59800456952954,168.18194012309263
178.36567718561776,50.93218841346433,105.15283575657656,167.05828610165202
86.66450975035623,42.250760133212296,102.56002721876666,107.85444548930552
179.02792613398438,31.352420977920897,103.49071726694233,87.75731376183889
178.48728248504128,71.81843510823046,90.64386109695299,174.15184810263546
179.1544511347988,82.58588801055072,54.978274051293845,173.500416158459
141.04427732192087,14.55921886640519,80.57073393181125,110.42433614437203
146.33925533775417,15.201049589543784,81.54145670577977,108.65241739201477
170.54610029952,65.72380265106048,89.49112232071116,174.3522089675912
169.5853330934481,68.9286501716762,90.39578926019561,173.1479956770821
117.83776237425037,55.714333721811215,126.15694116005803,152.15630949077138
118.38212362704756,52.30020444017072,128.95074289322397,153.52362574083705
170.0130108485318,45.254664661426375,110.2906599961542,147.19431557031277
174.70729438745732,41.92655280773307,121.77969482301754,166.02841909275702
177.86022511630932,32.42396198567427,102.67703553377923,140.64822783976936
168.54246299323373,45.69167274661813,94.05149608472428,160.8047874650651
119.03588023000185,46.376094229367816,135.62812433695933,156.8831628572192
124.22399974128089,52.09093495767718,133.38601930401936,151.11725994819304
179.78011984024198,73.13553575331885,97.32773894992565,175.5547741605093
179.4852398775859,72.02069591407799,93.19354298254099,174.67138067873293
151.54328562885976,8.012761104334114,157.58682258959485,158.76305533157918
162.3648660229946,15.8900928002265,177.73591954761454,143.6060146741596
171.62220944426136,39.83733641659796,102.19071924271867,158.46532580217746
175.04882594290024,21.451215103144865,113.18021208986309,139.38761054341185
178.47575981137,74.82269678720532,90.26158592440333,164.42094392678604
177.8050411238575,76.07423497108101,87.01058874838515,162.50472999291503
178.26165984461622,60.1287355336107,101.13904041497189,157.5622792087195
169.88220304788013,67.07130182404035,96.14523577552961,169.83517820867405
173.01329184043303,28.174903268734052,82.92840445185533,159.3814962391043
163.58434833910752,25.378145783696358,82.5869778644938,150.27043008871658
176.66137207340378,78.53099553418323,92.7009336041965,165.90368115741117
177.0635319802372,62.33185441729759,100.89966958061109,171.52621431665432
155.28362960227884,52.41813359894695,88.80596180773284,77.39153828022623
102.77918314927658,58.06116019570374,73.02426647430298,44.42354790888596
173.13806067160613,48.76858599251471,130.46058020987533,154.41586157571592
173.2023173684818,41.467365932726494,132.29686625002086,145.78058377935764
171.07817739245553,60.37587815767232,112.60774020033224,179.603371394213
173.09038358499748,57.749979588224704,113.27235333397064,178.4489287350345
177.06918681747368,90.13479540967124,148.91668219445592,160.39720796463678
176.498499554586,87.72740294969141,158.00770881596355,164.325668832918
174.5654430827551,52.38704322322257,126.63284573840218,179.70490943725602
177.63592879288723,53.47414668074871,124.97665205578326,179.85500785044403
150.03239335005676,33.744443479875486,109.75815711225361,161.85921929125377
164.2076580498962,44.71709610115607,109.88896864529428,154.82473713091747
168.08500161254872,34.214490513770635,90.01197806423846,95.60968349284849
166.5563381458955,36.946700458378864,77.47848756988446,113.26274268834666
166.01332718868582,28.64035695870112,87.21972071885762,100.10556256809612
169.0064840384204,33.202964296926865,80.49547991019892,92.42731662133355
173.607024090339,56.72672807180216,95.95226956303327,179.1814494284769
179.37862951434712,64.24924553136148,91.3143946954458,178.52884204245245
178.57036220147822,84.00385816106262,73.91039127463767,161.0693221527103
159.87557647318758,78.37940311390525,87.01293594128163,175.25491606151013
177.11687085733428,80.54149806590985,36.717249154163255,165.87957171524224
178.0001864528051,86.50666070883497,26.589912887757016,163.1379305728741
174.41931832080195,70.1318420896588,80.51056056582678,178.53811750738163
155.16459239237918,84.25572382581585,80.2856886170112,179.74988602083383
166.7763163639335,24.37364831971832,76.97079644603706,94.72096747171747
168.2116073100021,19.885003135758055,80.80854043940886,97.64629872666649
148.1393304976314,49.20094866173863,78.63782955522302,114.94928340467217
145.13915329348958,57.047444876593794,62.20814596020558,91.06821724460008
160.34363966673018,85.45988032929426,125.86968844228538,162.6482860843704
155.98527663593183,82.09378928348576,118.98201336791415,137.02156540924665
157.7097505431592,73.4282388241165,36.887506405538076,154.79324550512914
133.04284849230143,108.18616247653429,25.67345368413632,157.9019238895704
178.81536746109475,65.61504984916479,50.319860959053784,169.14411536273929
171.86052885252096,72.23137489438187,34.587394321387876,86.067342636678
174.57810237156198,57.391347204368245,90.34308347845665,115.16428407803147
164.1846758835923,48.58392501622652,93.09895637441278,143.94912067420765
175.31258185538448,84.77536578684533,7.625794278504873,157.86478330273823
36.66333715022947,83.47352771955838,84.43412971320335,176.18669669345726
170.31784619445313,54.896337568693205,97.13351497828785,159.19602761502435
177.78675125421321,63.6144751079153,105.06411006287757,178.09233032433346
178.94177366821418,63.16710933425499,86.35270810940878,178.70086764145168
173.64533680998423,70.93516843287695,83.90479374615204,177.91168190076496
158.70441554327047,42.07026504310262,123.29691313295139,179.91569976775702
160.18952276363098,35.16379359856295,114.31374695520348,166.34061315721644
37.193970128786255,27.034568092349105,90.85302910370652,70.7091191738279
52.83793752710179,26.94884174536613,88.71455278583869,52.032217838813494
178.56590645334765,44.24215353634292,99.2644703532431,152.58641634283182
163.45131597696312,36.017937114005505,95.89265304052049,155.61595837298864
170.62211037323908,54.119597373089206,166.13335386845515,173.16832229824448
170.83452867294375,54.30834557012841,167.91831379309275,175.56831872325972
158.8223258923443,65.0312690614418,100.36308986439167,179.21625189157382
159.99770009906553,55.89906354475156,94.20316401914721,150.7526898771514
172.80227231509633,54.87935724011154,76.4419017569366,176.36494146578315
174.3345599835162,61.61709352064541,75.25847503465297,174.16043554574534
132.02081511127778,29.40552823443962,90.07429041004684,173.98680493384128
132.61274449285793,22.267306416828784,88.84539331040838,141.0310806299958
172.0051658111288,64.93218396567356,86.76453736229745,177.5592627294993
178.40841020131867,58.10644051670145,89.33729697525145,178.95692021005596
161.68121028983495,68.76346240650537,88.64392453713111,171.3918485507422
170.11953416682408,89.18330016501483,85.05756893268222,176.69945942793765
176.73377106175857,69.91083218802031,61.92225139039982,160.35500563281556
177.41902805974658,56.25215797105147,82.61037653488859,171.23745078285253
93.72198413366185,15.0874673235612,19.07612696959487,166.29774893109922
73.50235256344844,4.273836417434944,14.748595850008567,152.3693504405319
164.51814012147972,48.18587444944933,98.33449519226066,158.34375221042262
166.54369255001882,51.234528135660696,107.50933917702719,172.18407832414033
177.3496010213599,62.55666279572637,92.91292233222087,165.3537964776482
178.18478134187268,64.36611770848411,94.06143765729546,166.3973939149114
159.30264672557178,53.16198101683295,106.56982202473003,169.89801765597943
163.80389060398707,48.987944969926566,106.43788736786212,168.1266720239706
149.52615232541308,23.342069414354512,84.53596713938504,144.60562998954381
166.4940186513021,46.90349933925561,74.61513783427876,170.7604808196038
123.78703999802993,67.11820814807977,91.70430229864206,146.02531442487546
153.15249779382978,73.09397052717766,86.8340774063592,149.50065383792676
178.3187663805733,33.652724278310785,93.4565584945206,127.18845513961459
173.70564714955609,30.915840352256748,107.60382108011271,147.98162828593308
50.336155683538166,17.28287490389935,126.25890667121216,143.50341664298858
44.120037323764755,19.36172787457852,118.61825798362939,126.01361379319555
170.8734174790794,30.61853680415974,133.95381195635045,154.9629634623182
170.42204492988327,35.15734708894812,131.46776566692432,158.1703691351679
172.83142811502174,45.502733348886295,114.86044284638615,170.6858717680757
173.43220452662163,45.027923391135026,113.55777914398189,173.9497424307279
68.39940937779119,104.44752762881662,131.5951574988237,113.38259620019926
59.24783018133809,101.28822106231661,167.93712643478543,158.41178797970358
125.38182530790482,15.101594063362636,171.4098967788059,139.4262929720284
174.90494116656177,12.329675121102758,176.8826760103747,173.1704342620689
173.99461739674643,59.30105751995969,80.0014451151124,172.2849854594109
168.91104612312188,62.14566468035895,94.37223947107805,169.91791308057378
176.75121961678886,9.07650885709719,137.94647027283804,129.81057271382392
83.60147496107186,7.774343433384262,100.01252452455782,117.2383004589248
159.56009931680168,88.44876650026625,179.6946219126753,179.32081525468038
161.3901108236149,87.35145047589116,176.15883369302813,173.70710417727273
173.70619388587806,82.02860698573039,94.65657142813998,175.5715337503582
173.00717490951848,61.28237008450748,92.05834779432831,156.23257456969947
177.7856536702733,71.35319299626808,44.9431163379056,164.0369148772246
171.61884403695845,79.37358032975465,41.14744882217232,159.577244548818
150.7581993463492,25.727295552132443,95.31790400041854,178.03390473687767
171.63149517287889,55.501759970582334,71.58071040711621,179.88121275951167
170.60120355381173,29.842416682463945,113.65266550080958,151.04950512444088
171.91070671786977,27.044364874590404,115.04489456052755,151.1040655976258
165.32117127998677,53.09036244201525,107.92401280443939,160.2482937409832
159.84846758756035,62.48624199900861,113.57481945324662,158.4610653399092
157.22157972268036,7.5194160659618765,175.5366834768192,146.5749990912273
175.0149617169722,17.303858260890195,171.0528270742373,145.70619496831472
168.46886563892167,73.39806213299858,36.53000777074666,151.47665950811697
179.12661803567775,74.4052421182775,35.045220192505134,157.76787638923543
169.32696629713917,77.04815341760336,76.19743185093529,176.41576256711042
178.22461859106645,59.974029215436516,84.50451791871535,178.82126706340657
163.41983984379212,73.62796976594649,81.96435934317884,151.48790838929307
133.5846835579146,95.19053758279496,86.0333978526092,145.6829943795557
177.23078357012918,93.77429110115321,144.10667273744286,149.648692045627
177.7195534877108,93.36304420688509,141.25257551987536,152.8359372209961
151.55906457074565,135.40975031577054,32.78171258577278,154.68399905792
161.1109347837939,138.15520691555903,30.483655982637316,166.75353116047313
175.39455290543188,64.87407085395037,108.96690985631676,179.33189017841778
174.78806413860494,62.18705304441227,109.48958865778494,178.3299077059475
109.70134054064408,51.38253319478424,134.07878233849172,159.1018577032337
112.6785647320221,49.64632134201122,133.8189246310239,159.04963646995438
172.9129759246371,67.24153179698389,26.82461514062542,140.06306999001762
178.59259521096516,72.25233587797214,42.65093551913561,165.29034772254414
176.79167926449347,66.79052114350095,85.08862028803166,173.73247909342425
178.35598129093765,65.6054025068457,86.71117806264957,176.9979350109556
178.0902673669058,47.50501359995411,104.4410531370284,167.03008853838287
171.35545297636614,48.500770483752106,106.82279434795755,164.0913308814058
151.5041402314702,27.547291364424854,98.78407983413229,136.8873199225437
153.63050132198902,31.561872042011327,98.37395481185496,143.6299974154157
142.161925624537,71.08079465077493,42.55693660857437,166.31413798415005
135.7861658353917,74.73206433433567,34.04786547352631,168.786982286343
178.15894593996504,55.4664246863902,83.23866982466902,170.24078020652453
171.20054590266835,53.522789448948735,82.32681983581877,166.15390288443953
170.20370153950907,51.412689799793775,84.63010129329473,160.79621578912045
179.55534223826282,46.365501730966216,87.32197167314445,158.4922783918742
162.28911980714642,36.68490731617162,130.85328714873876,161.3777904621247
171.10246880293755,41.142717767669566,134.028953394757,169.26373848672083
106.21213247858071,51.74146335390404,133.45985496780648,159.57296367871268
108.92404022784277,48.06698944712632,132.8778806777892,157.30606963418992
179.18630123777254,48.68603313618759,84.10887470272314,133.14227635974055
155.57129674230262,30.44931609920166,86.3440029202622,134.50544346880997
175.3882009394823,49.9637409349078,79.97317573877478,176.98785080273487
172.06229960371112,54.955716317885226,78.5968794321297,171.21674113032935
177.62150605554834,17.381493959752337,61.18256852642743,42.72541028139415
175.8050464124246,17.666575723156523,61.252953261063574,53.43764486206322
178.5772714825855,35.575444978860865,93.4405689022641,125.66963807476537
143.30444396818802,51.56013440621971,79.62864769359895,84.29206317893619
