LOWER-BODY,           MIDDLE-BODY,         UPPER-BODY
176.2422612850631,48.93156688843086,171.44475831353813
177.976022065463,50.127497379331906,170.9121927715443
179.49265482580495,44.62879861553318,179.99800806118284
176.46096580852347,52.2141157930305,175.05222064194203
177.83895051246972,68.32136466097124,168.80033646894915
168.30626894993677,174.18442164844046,178.048289292644
178.7490221604369,56.759248491070856,169.84479084008703
168.71041019305167,46.184025413368566,101.58690756459441
177.77662390672174,44.36465388258533,170.1812579343752
176.26747785007822,43.98290366989532,174.74255417842366
179.36397387914738,65.70041047267489,168.30496111743173
178.4049599948008,63.63831944929358,171.1398856902903
179.1922701400352,53.734570287845486,171.70692924746552
178.07804394535873,54.86525860788272,173.1653477572259
176.4680212190516,60.04369584254182,161.33060650590284
172.6997963236682,57.861187649750725,161.8197026844769
177.26763797893446,52.462078638150835,176.82897069223128
176.4458366636349,49.53833216589335,178.84699402385476
175.72290668527134,80.60739169908065,165.67265282670002
177.45046344315406,176.0867018107334,173.20400304611007
172.2727446691977,57.57999335959596,179.30451924286695
179.9956488371518,57.17577551218214,177.51424177497893
173.82338999095427,78.48504557869875,164.0361222164498
163.11670494625665,160.11605583023896,166.2180621931582
177.39272403647044,57.34845041932635,169.5685781760063
175.3143202156968,57.398254688718666,169.1593576409326
178.76758994166238,72.11654290386876,169.32251570878347
167.77605147933355,174.28581115022,177.14050168111723
175.041283182266,55.231358525082996,179.28230180064273
177.5965451524071,53.655344662673656,178.86655180655146
178.21729115441596,78.51289624964862,164.6217097918925
179.72927771902275,78.25885367403319,163.47205676194966
175.05257229168987,37.10189763168559,173.508277181051
175.48486304495424,26.047536667193857,179.5129037013579
170.1410760315523,63.05397836674117,166.84364650612608
175.67729970505155,63.91600139159783,171.1274963309032
179.80066731742608,77.60077046372072,172.80608642947706
178.03736326905022,76.76284532242548,169.44053948891232
177.29669831724252,56.32238607177039,179.45840973342422
178.85859079442082,56.02045779018702,179.01071398330635
172.33737066463468,57.95660223831508,174.62580460751204
175.94226596136892,56.176808197735234,172.02867550868785
173.51281463127955,85.82047091601251,177.3932720927564
165.33568427182126,80.57370489639791,178.1284880172174
169.57410721217877,91.31859403274036,165.0138970906307
171.64889002060298,91.68454664348296,164.83711542602722
172.41436831892406,62.32439593449702,178.81142242947794
164.3238129979132,54.52936403802113,176.2880178531562
163.0519760966974,42.052211492288826,176.61777534351285
175.06212163075352,35.040619725818964,176.52119763086256
178.8939475093615,67.87965530055514,156.7871585386814
178.49617719816078,69.17043845187692,168.17685215542963
174.87719658833834,57.36212785290909,167.06837121413727
175.77117976716104,58.362062392516876,167.84568999874875
179.1922701400352,53.734570287845486,171.70692924746552
178.07804394535873,54.86525860788272,173.1653477572259
179.93201931004515,47.432178874336564,178.44329578938567
179.91246941281014,47.18166519231177,176.90574219463647
178.81737861787866,61.806123530819676,170.9914213008732
177.2705413280468,60.58901841381451,171.90208773598096
178.12650924477958,44.35721558240385,170.27455402512615
177.5469895663216,45.372714636434814,170.2939546830524
178.78389646704917,62.02290273765033,169.08476954674362
172.27226731381413,59.57194753819565,170.0295541295082
177.30149933505234,41.37748680924645,166.56082320084573
178.40144599876547,40.17912970147512,164.05683763683044
165.85587524010052,78.36708647055043,164.4838769928974
172.80026651037716,73.67282901822138,165.93218730477759
174.64534930174864,60.09967477740073,177.20868690732965
178.58856530124126,57.806650432820774,176.91985262690991
178.9351828767741,58.54937737237592,173.29625253919562
178.9047481431516,55.277292252291936,173.3248772875128
177.08026999649857,63.823560530848404,174.1566958607696
175.14976587636465,64.60568379918588,174.79874183327956
175.2394059177323,64.12447828204783,172.936223689664
173.31549804675112,64.10241913728416,174.6428354316724
174.26213519576734,51.67765497458788,178.90311338308743
172.37117910806256,48.68382516933501,178.9952969849107
178.0822221119267,69.20425590928606,177.19970311004107
178.22742510597814,71.04831242745932,177.7090595662502
176.79103477236572,64.12581531348681,176.80449615480373
177.37945341576523,63.125488075452665,172.59026039031374
155.33249486737154,44.693727599528955,178.23136364374193
156.77335326371886,45.393507745132744,175.59555241093952
172.7637672503042,61.59087519073339,169.64386592944703
168.32122514840688,168.7947961074012,167.32123581286638
177.52227025358948,57.73486677174238,178.1531494803169
177.9049835725802,56.749734481191076,175.04409274737378
162.14182630714825,44.315193041853185,175.77910862173363
161.27508714453242,42.93761681127557,172.50477277536822
155.45547630057328,34.63058824778271,177.88982421484147
155.86655317226734,40.6319532908768,170.6904860609856
178.08644271501774,59.92520595479135,168.58019403351668
178.15434304902902,58.41746163333334,171.43425269192693
156.02529057373542,39.26690180545875,174.56240620276145
171.8952443263362,32.10282639951701,178.85873472251396
173.19628708822836,64.67567269184939,168.16040826609265
174.169054099638,64.66484504739415,166.66226632345578
177.80900006844385,50.98447619618019,174.50841060938214
177.8342900021397,50.7317059783175,175.80660500124355
176.5718961834599,79.90671814029191,176.97140010934766
173.91840044121918,79.69120012297762,178.49247236895624
169.99342062004973,43.99987001628982,157.95456342178278
173.26141322160638,47.92847147417831,162.0694039534836
177.09908857156648,54.629002466192915,179.01181773533742
177.90987984543074,55.982926542566524,179.21043881311098
179.1891308354155,54.142661273504395,172.57159789521117
179.27185648188447,55.979366087374956,171.28993746898578
179.4947762669408,54.098006625525514,179.91135072319807
177.9657454002599,53.61234983414585,178.31946935141477
176.7191915373381,73.74478164918737,152.7552772840214
164.2064258935965,170.6928958467936,159.25901396005364
176.8914061903928,24.289853476571572,174.8321767393784
163.82023628496808,54.4426418525237,179.91580923148945
178.28182084803504,64.17386553331215,171.6065291151294
168.0014084862146,66.39683163597917,165.66537570804422
178.28182084803504,64.17386553331215,171.6065291151294
168.0014084862146,66.39683163597917,165.66537570804422
177.43255015943913,43.22528430354401,169.18923072058365
177.3220473361623,42.071779404736624,167.70776857204663
177.43255015943913,43.22528430354401,169.18923072058365
177.3220473361623,42.071779404736624,167.70776857204663
179.70493436856887,51.04572286451219,176.52910116111596
175.69949467935768,50.00656367985819,175.30935763013142
179.70493436856887,51.04572286451219,176.52910116111596
175.69949467935768,50.00656367985819,175.30935763013142
161.7770608046045,59.03737010292973,170.50605512941496
160.2890998533297,59.82084259163432,169.92326049606098
161.7770608046045,59.03737010292973,170.50605512941496
160.2890998533297,59.82084259163432,169.92326049606098
177.6778739034874,49.66253723345905,175.31417338236946
179.52901824473844,48.48868550112966,178.2649058515814
177.6778739034874,49.66253723345905,175.31417338236946
179.52901824473844,48.48868550112966,178.2649058515814
175.67909527505603,47.63776033266822,176.48694031028177
176.2760153065881,43.164745236861656,174.00259289924725
175.67909527505603,47.63776033266822,176.48694031028177
176.2760153065881,43.164745236861656,174.00259289924725
171.1738337663559,34.49694467442882,167.80255480570128
163.79596219795965,57.1929496922055,171.98538813541742
171.1738337663559,34.49694467442882,167.80255480570128
163.79596219795965,57.1929496922055,171.98538813541742
178.48571035087866,30.67631892147985,174.89621267458617
174.72448356656528,24.136151155431556,177.3763312515927
178.48571035087866,30.67631892147985,174.89621267458617
174.72448356656528,24.136151155431556,177.3763312515927
179.99905924541227,43.960848047748655,159.12960221350832
178.69462879035737,45.29118792353399,160.2682914582853
179.99905924541227,43.960848047748655,159.12960221350832
178.69462879035737,45.29118792353399,160.2682914582853
179.35924377142373,59.442651439677014,179.38256097144702
176.75731443480387,57.409246250233636,179.90537993277601
179.35924377142373,59.442651439677014,179.38256097144702
176.75731443480387,57.409246250233636,179.90537993277601
177.4799649695746,49.81519237193996,172.41393003980545
177.63702244244672,53.4963993818475,168.31173041629418
177.4799649695746,49.81519237193996,172.41393003980545
177.63702244244672,53.4963993818475,168.31173041629418
175.72321796008785,53.55092528453984,162.09607690858346
176.1791129302829,55.13275009102826,168.31828736555894
178.65693038665722,51.820448247908914,179.46936338454452
177.45794941466897,52.17730355734329,177.0813040104232
179.68154568500884,30.249956239274315,174.65531092510773
174.54544316226406,29.426501867881186,176.67166839709492
176.3095264118549,54.291133454623655,178.48706600608267
176.84893064516592,55.14142819644724,176.71454424188732
178.34368484774163,56.49689917699997,175.27385271645463
179.7509195811043,59.05973966559664,179.30854442298883
179.60381021172293,65.25475984799651,169.94225306036623
179.76879382847974,64.90125554587601,172.70466741116428
174.66849000692758,59.33604388139581,162.9375050590636
175.42029097493543,62.131623673612694,170.24110523203
179.9596169348702,50.35872507425355,150.58996607242403
178.57122610533827,51.971738292109094,150.30348612827416
169.81489343513942,95.28515621663745,158.31857704520243
170.55777542538502,89.96899519189519,166.6253442873313
169.1169296914742,169.25817727530352,164.79886722858095
174.3672026164618,59.10589058122009,164.38713522993902
152.6920360909845,38.542955969669904,169.64401911633442
152.95244386627473,32.116592365754954,171.04102779276135
170.73297823253577,92.13547545002801,167.06912801376325
177.67012501602863,176.81482199655142,174.32023666280907
170.7156651085914,58.00392166999307,176.0422768621496
165.11165067558653,59.10681474808885,177.37523057464665
179.82612018287656,49.632659351673446,176.7691368028957
179.74940144743917,49.9119106220292,174.26944003512162
178.5780783032181,71.7055871029358,171.7057649747359
178.14232378492625,74.23776702773208,166.6171804206611
178.81689533226628,73.24058623176857,157.18275726107018
178.09293236408135,81.25031968787883,158.110016008645
178.89298709231247,45.1636508650944,170.5359339685415
178.48995580080043,43.86628825415621,169.6324009222073
179.64146610794586,56.46011510886503,168.5284559200681
179.00687937157153,58.567730554882594,170.24641047761287
177.55767613511867,53.1221180656251,170.87638240354346
171.28064509828084,54.84520596539206,179.326729002638
177.55767613511867,53.1221180656251,170.87638240354346
171.28064509828084,54.84520596539206,179.326729002638
179.54800014589014,44.02048515393655,168.07585352608018
179.35351613833566,46.02103592281507,170.37789630832478
174.2598121311659,65.94627725646853,175.70865833566498
176.92452543560978,60.666159431053885,168.53415540148822
178.68330969058636,74.64587849918735,174.2593051264687
178.2175452561415,75.60435686318314,174.22637302441694
177.90682218602782,60.603651799135946,176.136077985615
179.74107524622116,61.63448172437363,179.02895030346016
177.52811071291174,54.701486831794234,179.20703245104366
178.24195792524063,56.9497866980587,171.6597293231829
172.20959725962317,70.83190098405393,169.69388487082483
165.29892465460628,166.56056904116386,163.00749997167028
174.2781469254388,67.35615204392316,177.9958394925521
179.7978672125037,65.51283328314923,178.77823846886392
177.36610203842878,35.601167108899084,179.0056517087348
167.67944662790552,41.196717086545554,174.8705197030259
173.67540395423796,70.89394069998177,170.08784418966275
178.090633333564,69.30838501028859,172.13736941697377
172.71968254445372,67.54662928248581,174.9903232492563
156.61015324234793,65.15394893131862,170.57552047145617
177.8453744870972,54.8325249637331,173.2612702221909
174.2896494205468,58.330869292405644,173.68980215099648
177.1765988585896,62.7418524458688,177.58809261980886
177.72779842247692,64.35262920954655,172.8011524127453
178.28340363532578,56.00233067369827,178.69832666910233
178.78249208109423,55.88386188636187,176.8908275024187
179.3418119600645,56.941619461519004,176.4459184312789
179.12388391251108,57.446193369243055,175.7171905570506
146.234976888195,42.23985983304315,178.8624765874195
148.674864066615,41.83865911724972,179.64749148049108
176.27811473604737,59.2271583899044,178.825497244562
174.18957243409704,61.37253107873117,179.74419489160164
165.11554929145564,158.40927948448976,165.96251977498753
172.86944184709103,78.31089411221481,164.1090310820498
179.00437365920698,70.62551394364597,178.24829406988752
179.96322581076802,67.96139978333505,179.54491328337397
167.85259765782695,63.2553703274459,169.47910022828773
178.60124027893562,64.70788165524097,174.02008485516726
152.5509066159699,43.005449497938066,179.99440855215633
155.1688527625761,45.072549466101,177.09701510309446
179.02230536206395,48.75688271757438,179.43516209621427
179.50408406509823,46.59122980315908,175.32240714358727
171.3324771878497,53.794582577226244,101.65044824832901
151.482912998028,42.23127878470509,98.50999131171471
179.04317452703725,62.465862077617565,173.15409598173454
176.41499479664853,63.442118271823496,173.50421041170586
177.14576593660087,72.12608768764319,172.8494663475427
166.37791897142537,175.37770350132615,178.46909533971942
176.56057504339822,51.641329018401265,178.5563888896023
173.10868296352754,48.6958069011799,179.66030927748793
173.63000315303555,66.05653171910615,170.6780706514103
178.74769449476094,63.68246056519109,167.02683479869742
173.60551611628227,34.1647910621345,175.0465358772485
167.6416373769139,42.300656450107944,176.41483663395744
167.22099632870825,175.56915359711329,178.10265982111025
175.79429019537122,65.94475719427228,173.65454132208018
177.88123547863256,75.23500613501236,179.27728726313106
174.30974236465823,77.20385832066314,179.54327269070785
175.14148902244742,53.81718189745618,169.4748853254174
171.93871611383165,48.43529186118502,176.99422425884578
178.07470709759554,60.64468321534331,176.60034250837057
178.9240199453943,60.67465665797046,179.36555257924542
179.19469710942724,44.407618053240505,169.2384079381799
179.74607853679152,43.69259096773697,169.18368880600354
176.87743915830828,50.22605058208331,179.31754459539306
173.66852701324345,47.18010506224894,178.18373609660074
176.87743915830828,50.22605058208331,179.31754459539306
173.66852701324345,47.18010506224894,178.18373609660074
143.8787022656008,53.24349743372079,79.92184638315378
138.50126976084965,16.4952198831852,118.04150853333327
165.30089374972178,50.19693601461297,174.63466951304548
167.14792296603238,51.57325071482679,173.12805306647036
162.12028391241293,50.333157503768874,177.3608197459702
160.62761158515914,50.89787208244344,177.3826566002475
172.38823171924074,59.0085105017899,159.86494949363433
172.80592778068433,57.82345388833924,158.64730381902396
170.53385072134586,58.87858129742025,179.56612615893556
164.77466893304788,54.98876178912015,178.370098695394
176.10470422760875,54.368283389318435,178.92641011657926
178.38188841288067,52.40077187603464,176.7599373932203
175.44922679377564,60.03878688941562,179.0024512674662
179.68714128961116,57.55755741527946,177.36958939410135
176.74615966577457,57.98208349010363,177.63473671533188
177.60063902475508,56.6805572706302,176.69595163567823
178.61274851486021,44.12206866562325,168.15464365600351
177.8866383502516,44.40857422551873,168.92065151222522
178.1211698734169,53.17224655631797,156.2077306486411
178.08235563574866,55.16493118745835,161.57397420272457
156.19186171109973,25.400623799560705,175.1349980405288
172.59581286695334,35.622628601266776,174.32771742073746
179.031089001881,65.43225869350054,164.504142436204
179.49805954318828,62.96283932802475,162.29348376556703
168.4203056498205,68.90980003468358,177.79773680551426
175.19886797703057,59.74118507414998,174.51166209676688
177.86848317516794,69.31234504898805,166.37207476228275
164.12516472049958,166.98410055834879,163.73850415667772
179.69175877029573,58.49996448704034,176.9056408215226
177.0708884281384,58.59931104579496,174.51609958594105
179.69175877029573,58.49996448704034,176.9056408215226
177.0708884281384,58.59931104579496,174.51609958594105
164.3835124868476,48.7845684228142,168.54957344278236
163.98403972364457,33.09392900267189,173.7083818193143
175.4926090501938,43.31103095992807,175.32768968765365
174.1888219740795,58.52173011717668,173.1856847876968
164.9434033325435,176.9323698481011,179.08113438440307
176.5654108709836,67.03389680606342,173.29073093338266
178.41512013871522,83.11572642912367,150.03938763759808
157.0350874782148,165.9837465557532,155.46572471328147
173.6831604451412,59.451898118264815,172.18957265750157
176.87035099921107,57.14413288796007,178.70716804635458
176.99710603174046,59.941127826621674,177.67526450357985
174.34186926803582,55.891942088436586,178.2846431047844
176.852903315076,73.483327180413,164.4589368234829
178.80309199178294,69.132158449161,170.7972886135965
177.16590190143472,69.9075860116652,164.00962216831633
178.08357996522892,69.11617442122481,165.0985446428427
176.68844968320872,71.42507036807511,167.9396979980591
176.80689542873407,71.38717814864091,167.0565851063185
175.66774729047407,63.326902359659634,176.1154588204859
178.5493196617904,63.563236490327675,173.88817356061378
177.71632477247405,61.44066790476472,169.0458738620944
177.72769879578843,62.0943084268517,171.51880379905717
178.28222083192978,46.36223187926351,177.5295103655366
178.9084568328066,44.90027407607999,168.71416145062437
178.56877191626174,55.32016088179344,166.40650195131155
178.55937587924163,54.61754671254207,170.09912357074276
178.56877191626174,55.32016088179344,166.40650195131155
178.55937587924163,54.61754671254207,170.09912357074276
170.20569389081118,91.19741772200615,165.80524211725927
172.8838084127924,90.15757021333457,162.22902102488803
177.88709773183928,55.973857978939705,178.26898092741538
177.7730983162169,58.12959874828491,179.8454976593
176.37619535010091,73.01288041493761,155.34186872888793
162.06477228793628,168.55323467185477,160.276385360249
167.02210488777476,72.30878954865611,167.33488809982597
162.09047785173917,71.2835724508455,164.97315701198085
177.4623120817881,72.32260732023687,156.09834167242508
162.40337078052437,167.53291015283867,161.23957587427222
167.4144898232885,175.30933865557213,177.36648484785746
174.25044548378682,66.09514498504244,172.38166092722844
171.30420831014007,58.70944297911356,172.0800572011277
171.36280813267868,59.346221776715495,176.3084355518569
177.07461140032495,61.130510843599076,172.38681465977453
177.3372871741355,61.260866540171975,171.6167276634734
128.2679071245113,31.355364560367626,172.1649076915101
115.49720463996955,31.572227288187158,170.9284115844029
164.72467018219015,41.71159120764935,177.00287178999199
179.34831057177908,35.27989901675472,178.8291838843351
2.422785758932804,80.87318018341519,176.90836610628477
28.53794122865584,124.43347125150646,167.30380924278032
176.06933034866918,58.944975915249266,175.00026671903214
179.10965670442025,64.29112415158477,177.18055268751496
176.79827790190512,32.29123871247632,174.65543297369854
170.23598308262106,26.519674502797656,173.119349066564
176.0904163764534,65.93952659873506,177.66114758670722
175.11150046130246,65.69147230803772,177.76192562574423
177.22464914801753,64.52915484542208,174.89150658824673
176.6105678659164,61.297533819241465,179.62666729027885
178.29623227276608,76.84095415744588,165.10564058181563
178.4146040145995,77.49778685336499,167.45268603841689
177.4208718628204,69.1280191478332,179.59515818675268
177.94839179795213,69.39425325951841,178.509252276042
163.791340373074,53.43163969900422,153.17802208768032
162.08457675956606,43.5331899320425,152.5547609972477
178.40161102124884,59.2327931958136,161.3145010447439
171.95879206192464,41.36439457510568,157.43860049818574
167.1864857536585,51.595046558715346,178.65030906916863
171.44283504327035,60.13039772066482,176.70745124614277
173.91118820580706,69.53035809361333,176.53191225630633
178.76597762538566,68.4027994350187,177.48293069291873
175.93309552350738,44.07970386662113,165.20052576718288
175.53902574030863,45.978174336200716,160.61217672858814
175.93309552350738,44.07970386662113,165.20052576718288
175.53902574030863,45.978174336200716,160.61217672858814
177.10052168371058,67.73083265551637,164.58486954671685
175.64064150112705,67.72509667558282,169.22305963677064
179.12590714875148,53.83075098661222,169.31958233840442
179.1767447643131,55.170475900609674,169.76960481052527
179.66070343469156,47.47525268902607,179.50779866679076
179.96641392517037,45.655285727170906,174.13645121099532
155.5130615680604,46.22744574351815,179.0232340398976
155.08528666788328,44.80158297259711,178.69085790843144
177.48833657083105,57.059390693689444,176.55655742321684
178.30806132051217,58.61627174542676,176.89126823835446
178.71565262186277,46.690224521209885,166.10312259786969
178.29140906732113,45.91996817959256,164.29547821631814
146.81535771811951,89.02911413608405,178.3496272723119
165.7002358530039,72.10091994494925,178.346975164942
179.30971252759616,71.74337030798667,178.15674420610713
177.4604048691138,67.42513962554207,178.5539736674568
166.7078848738126,55.4473664548408,172.37636751566387
166.58269122745898,55.869186191430465,174.32860795385074
179.36219548922844,61.825884166423855,166.2945237106992
178.88337513350572,60.67066128959099,170.3548996024016
179.2464739035086,57.86571223783921,178.71043320286395
179.03487803203734,58.716694468160675,179.34212801963878
163.5097315170498,168.30981398231685,165.54765012684476
178.84176035109957,75.13218358888909,162.8512541553359
160.51528139477315,68.96695860528203,172.6300601599716
157.96105783781417,66.47782527221807,172.22274575640893
177.27513084116944,48.765470041031485,176.2159828171323
175.69357121570826,44.8260253399831,175.1848981786635
175.90359635580694,55.81437312912003,174.3726667098449
175.69838846790105,57.1675920360141,178.66260831847322
174.95986255999296,29.763563490402245,171.01140387177503
171.21529287960013,26.916251265133752,172.74009782895303
174.95986255999296,29.763563490402245,171.01140387177503
171.21529287960013,26.916251265133752,172.74009782895303
179.91283390524626,63.24181575410027,177.76279416244083
174.56793552282227,66.20804154388505,175.06957848194858
176.6555646264575,60.30494514371724,171.43000499969548
176.39386825095045,57.40164927414264,171.9751314531967
179.04409924985373,64.29531242253115,172.08123755972798
177.88452289887144,60.89090104856082,168.83392868700432
177.9326574342342,38.26888602480149,164.15873015228843
159.49909523086748,52.71379496072413,167.07667520852493
179.74109266900743,48.96023508375714,176.06508567909012
179.02456776942722,44.38139636292858,172.15559873519928
179.68994225578257,56.954767937916465,172.08146392289197
176.6066833394202,60.64283403487914,174.66345377094254
171.80221875787754,63.396229880735945,168.0868591997814
173.06730229573512,66.00699089337023,167.7605166435644
171.80221875787754,63.396229880735945,168.0868591997814
173.06730229573512,66.00699089337023,167.7605166435644
179.29694903411323,66.29099192059664,178.5750418952306
178.47955732107954,64.21129147553461,178.83214540404768
174.9127888134358,60.77159129426829,160.80086201734068
174.7664612247229,62.33892564105463,161.18098353227649
177.8324058978946,56.05989793164237,173.26244464470847
178.58219296406998,55.97061142026106,174.74509587727738
175.03542330698048,77.12435789444875,165.62329056845533
164.5837156104396,159.5636472505173,166.2886349063002
179.1116185575048,68.92917477968226,167.40480184888963
178.4536807231007,70.18039418729245,162.65780106559572
165.56298404158966,28.309308736985045,177.42306792227367
161.27270081078677,31.769751458087875,177.23795329263095
178.4048675387666,51.981859088057746,167.34332274347145
173.91816790525317,48.81110017532063,164.26452870609825
179.73796196792702,45.62678546378242,161.81198862595753
178.81894297858713,47.44912167510173,166.50493203224664
171.3400219917926,93.3650952579635,159.1312692962109
170.90108356726716,89.2986020471339,163.39481953955158
175.85961556106815,66.14500033765408,166.7896415422943
176.31707724012466,66.6248912609053,165.62932088437685
177.092626386896,39.782101779129746,163.17157692312946
167.4091319637103,60.57587959484909,164.81260513195988
164.29673399096686,176.3113118212841,178.95278431718
176.90313723222613,67.66001985744785,174.02646382989656
177.17979187647964,24.636304480114855,177.1821583430699
174.95146184235466,39.105310759076005,175.9123550978875
177.17979187647964,24.636304480114855,177.1821583430699
174.95146184235466,39.105310759076005,175.9123550978875
150.7985258423129,41.981521755358514,179.48819067461935
149.15488315956128,40.862493968877835,178.2695852394373
150.7985258423129,41.981521755358514,179.48819067461935
149.15488315956128,40.862493968877835,178.2695852394373
179.09752152376225,60.344486700297125,174.99591905754633
179.12980424861982,61.049560917824564,177.96366981361388
179.31174269193536,59.33026077980671,177.73817262182814
178.95834220019057,59.1221942173338,177.53231507681826
179.31174269193536,59.33026077980671,177.73817262182814
178.95834220019057,59.1221942173338,177.53231507681826
178.97833336247913,85.57244557281624,148.48728241258266
155.67571829679144,165.88248671824758,154.83775465638715
179.59565525709826,45.61139787862813,178.549139422437
179.9599731519224,45.580033957962186,173.85052621150717
179.59565525709826,45.61139787862813,178.549139422437
179.9599731519224,45.580033957962186,173.85052621150717
177.0846027812028,51.281684190323,178.44468291674474
176.83109781690072,49.97776585225182,177.22956264451136
177.0846027812028,51.281684190323,178.44468291674474
176.83109781690072,49.97776585225182,177.22956264451136
169.09295297559112,61.039809201142525,178.50189746246525
171.539699346039,59.45674826056596,177.20277937520999
169.09295297559112,61.039809201142525,178.50189746246525
171.539699346039,59.45674826056596,177.20277937520999
95.89632737683473,57.097548689348706,171.63840464114494
112.23856166501812,51.7388125775931,172.79093885401133
172.0686127242247,82.6801627335366,160.2054093676513
172.9151856470621,82.05595689257882,157.9914289889304
172.0686127242247,82.6801627335366,160.2054093676513
172.9151856470621,82.05595689257882,157.9914289889304
179.94487419402023,65.785714908468,163.99221360298716
179.52237881580774,63.648030232400295,169.77378977890078
179.94487419402023,65.785714908468,163.99221360298716
179.52237881580774,63.648030232400295,169.77378977890078
178.02608828828045,63.657587135978034,173.41575333064443
179.62068158563028,62.22559867284703,175.55725487198498
145.20352358240876,73.95812231079807,149.72108923615838
157.76117539624755,87.0220960820329,148.64810618965217
178.6340414874889,49.196260140056516,170.9142155140884
179.08591501323653,47.29256116234727,176.0481201178578
178.6340414874889,49.196260140056516,170.9142155140884
179.08591501323653,47.29256116234727,176.0481201178578
177.728318702475,71.138045133374,166.45556468030097
177.52772732067575,73.07210187919011,164.50605347961599
177.728318702475,71.138045133374,166.45556468030097
177.52772732067575,73.07210187919011,164.50605347961599
165.2973760131624,62.179508532778414,168.68312452534374
160.20422789219688,60.689983819365814,167.713547638574
178.23555609596278,54.09033011077715,169.9376556142764
134.44661566078136,54.63545347085129,171.8561122760588
178.23555609596278,54.09033011077715,169.9376556142764
134.44661566078136,54.63545347085129,171.8561122760588
178.87985417156978,60.54271625924899,173.6213921783884
179.344617586237,63.59919911895893,170.74049270068383
178.87985417156978,60.54271625924899,173.6213921783884
179.344617586237,63.59919911895893,170.74049270068383
161.68824602250686,42.77251772097104,173.50691830026656
161.43774424093547,41.05659686396611,170.4833549796233
161.68824602250686,42.77251772097104,173.50691830026656
161.43774424093547,41.05659686396611,170.4833549796233
172.0134076789629,72.2060027373716,174.96549420256935
179.36945430386862,69.18149077670925,174.6456188587999
172.0134076789629,72.2060027373716,174.96549420256935
179.36945430386862,69.18149077670925,174.6456188587999
177.94183500851247,57.71552273738177,176.1802566318763
175.69903812153012,62.357444600188074,174.25444309599592
137.6398499866986,34.46876108401507,169.024246020951
130.3767869769377,32.242987996984354,173.96227823810042
159.16989853900304,164.83626786800951,153.1069589239593
178.5432094391092,84.42928024158242,149.9985078030299
175.96563075564762,54.81833995794292,176.2342926068835
175.8793332907118,53.420820661134975,174.32326466800438
175.14455532141724,66.06331262306499,175.17823387626808
178.48313289018046,67.30889510756938,171.0825575536817
178.89586448145022,46.511464973450025,177.65928834703226
179.32511890822445,45.51744457120386,175.2789938206833
166.99723782161482,41.04630913543758,173.60833243004834
169.51790259320424,33.08940590021757,173.6437498147902
166.99723782161482,41.04630913543758,173.60833243004834
169.51790259320424,33.08940590021757,173.6437498147902
175.79728267752293,65.68269415107564,168.9865185530242
179.3112330170399,65.90055697592625,172.19626095550854
175.79728267752293,65.68269415107564,168.9865185530242
179.3112330170399,65.90055697592625,172.19626095550854
172.75003084416625,62.014660493960506,173.27889841344074
172.55662691314006,62.876543436863955,172.65315504594238
172.75003084416625,62.014660493960506,173.27889841344074
172.55662691314006,62.876543436863955,172.65315504594238
171.09798144394048,61.00961756855718,169.83265560069395
170.62912783751133,63.850324548173035,172.30534054304846
171.09798144394048,61.00961756855718,169.83265560069395
170.62912783751133,63.850324548173035,172.30534054304846
171.44073455160523,71.05825829971144,173.38038765433149
169.03177152431917,169.92648427289296,169.13417477426796
177.76595470556325,55.935341419429584,178.11231954508733
176.29637585280977,55.14085314032645,175.63996495341226
169.10439605219707,31.194907049718182,175.7566816260026
164.8871622980505,39.782805344303064,174.62261177517706
169.10439605219707,31.194907049718182,175.7566816260026
164.8871622980505,39.782805344303064,174.62261177517706
178.32613706803582,72.77965849108446,161.9078091999483
157.49543507986377,167.85814021327815,163.88527227364338
178.32613706803582,72.77965849108446,161.9078091999483
157.49543507986377,167.85814021327815,163.88527227364338
178.7003567379557,46.3788813359202,178.28773768094723
178.92948352816722,48.0813223176358,174.94419137353722
178.09906982373653,71.7247287367336,174.9675622558433
178.3750831771147,66.0035770302271,179.444926281251
178.09906982373653,71.7247287367336,174.9675622558433
178.3750831771147,66.0035770302271,179.444926281251
177.7741660133464,81.91309598985383,162.7919863065216
179.02783715213167,84.31608764023399,161.14463047590846
158.6034086360916,48.865509606575564,177.05176588744345
157.79246619392882,49.923703902971845,174.12981615262035
175.06550816927623,178.31071875960347,176.17482894781608
164.72388096828834,87.66259731942827,175.7475214732208
176.95471977729744,59.739787303393484,174.9395025727263
175.5815028615471,59.346544668759186,174.47371541887972
172.63738903166188,60.10761221725944,171.47647415350647
172.38004968559864,61.18053077981425,179.9710927527173
178.79397334926466,57.590349317849316,177.07795842195011
175.87876255643297,59.49141772761844,179.17071706144523
152.77503955991693,47.76020224339315,179.99608949290575
154.28964523495708,46.585543114287866,179.72741167501368
177.4758747387871,62.52176502572373,165.1887616667377
173.28156526828886,63.861180212865214,165.83711442797164
177.61362984892273,61.4702719196511,176.2394060338464
178.87363266515064,61.39258979283753,176.8999383198637
177.64045101053114,86.45740266755,179.4010868772693
168.68758772567662,81.5771953781168,176.61742109732202
159.7408748996774,57.28295817675305,173.56436774100712
151.9003765841409,55.122272927177725,174.53725171090366
177.01221003720426,61.11372651542113,179.25865273537133
178.19841895475255,61.441838413068425,177.85772348015058
176.90076681451083,78.34312950305772,165.87721579143232
179.4654990989099,77.12720870277523,168.38843745374297
172.2332314012187,79.40233777369406,164.94605611917635
172.53519440643132,77.91810386905217,163.24621227128324
174.5705129431908,60.655802532334434,179.68969469209466
177.32268587899713,63.80045794999215,178.83790654403253
173.34790023487753,37.40064043613122,165.99207061898332
160.53791298366707,57.216966647272905,167.4625802442742
179.19407509389566,59.07359202607122,170.36367674320485
179.19002735786108,63.5598983945595,174.1295836473193
178.58830088829671,41.5582925574342,165.0591707248905
178.88529503282442,43.813240473221775,162.57427247492652
179.5344555751115,84.05769438419767,161.6993977931621
178.46208420870795,79.25744746978256,171.43944133838744
172.7062657509108,56.90520862611713,165.00976415369348
173.94282532068567,58.78901118053522,167.98927019936556
179.10754986000146,52.443827710980734,171.0445583801117
179.28570578872893,52.56454186543645,172.3692501321227
176.59684152718927,69.16798706116384,157.03511053735167
175.25804116844984,42.576023133848054,156.57725556447147
179.72850693983034,64.4823759513199,162.9086401274388
173.79834970245386,61.9779995549984,163.3648250963532
179.33520664029228,52.390172565554025,176.53903100187833
178.5459248413735,53.44062922186158,175.75591600876027
177.2698630949019,70.65231921373432,169.93137089641263
176.26905313496087,70.56107022250735,171.57057152702234
175.34886838380737,37.95431467115728,163.3337166404705
155.3946088364162,50.90283047626572,167.0270511626839
175.1857854056669,69.0431917771835,174.4614490555674
178.27578455988433,69.75641193762401,170.254523323917
179.5708744348726,53.21505468384341,174.25046475037848
177.70727413954222,56.05952051568699,173.25061140189862
177.63178396715315,50.801558906315414,167.49422769401215
174.90924237625202,47.69451662098323,165.40416125437463
179.6222711226221,56.91338191592309,178.6286899811572
179.80516927608326,57.97929734115081,179.73971647566626
171.110236030882,99.27997105500253,160.59561927812524
157.81231561061134,90.91394086399042,160.45147483691105
178.76847712425194,77.34410139571594,167.472435375169
178.62711013850523,76.72433314720789,166.18876305979106
178.61020328558396,45.374361451327516,178.98864697060878
174.21469346498972,41.75336075247549,168.46595357225712
179.42888684990174,63.584982428051305,162.53072334074554
177.73742085270013,61.764621120135686,160.59164158336912
177.18549762663835,58.30623417591519,179.8307874290625
177.52338496593006,57.200533988571586,175.15814586225628
170.8649130531884,52.735993331426606,178.3503903080293
179.0567486693393,59.237115775968626,172.99376372969536
173.15537824174083,173.60712712409784,3.1468982701279637
178.4249252137164,177.65525768769393,36.95316100384057
179.51122348799447,62.69702764037819,163.96320510359305
177.77746531034938,60.88313407551368,167.12218016474537
178.52867973071307,42.914849099160506,156.8546978225946
179.7232010707921,44.23298124857727,157.68052788078379
178.81802983157763,63.31737730808886,173.6235616278537
177.61673450938846,63.42010588863062,173.7063319944853
162.36151794991548,46.722512349141795,172.1269336940025
161.57243848235896,45.49585165814982,169.1254595199807
178.68304418110176,74.31843949833412,173.70838244610295
178.41598421281458,75.38567042049971,174.25440576113832
177.4230478344258,63.4663962925298,174.17520262437142
177.44870253032764,62.637752377641114,174.72058715126136
171.27705365905908,43.42522790164448,173.800497408982
176.79957319317964,34.44042737276287,175.2313451578005
176.58818466623111,60.32052570757258,177.31788383194865
178.84423849438457,61.05269522487957,173.4213438052765
158.45549252085414,82.82622625061683,175.40725243573885
165.02469663378392,79.13463399409973,168.82474492607344
177.11555006219945,54.022568777551236,176.30850163529624
179.14833039694605,53.10097588707453,174.77891085278588
173.21134405312426,33.00355194213579,169.27454985508334
175.7090404729238,20.863016044140775,154.15467986675839
177.00347908909458,53.161174747812055,146.7611514309789
179.90531080746595,54.655219485053784,148.85242160330333
174.70810452744536,44.37794164859315,177.5293441246767
179.24706651017175,34.91306689158887,178.80749473013006
155.60150001627406,40.7395987721272,169.1657805614702
154.66569892383993,34.67553956061855,173.95382233458608
178.23177733492022,72.92092222225385,170.1323033542909
178.3478006258029,74.75679633149684,158.65214536236715
166.67379476307718,58.874088038151555,173.44498775533808
168.58645950968676,60.84696530644317,173.2057507924326
172.41174287494752,62.474058295030225,168.79925839932133
173.70114601227922,61.25435997133633,171.17240536152423
178.63718912942412,70.70135505445664,171.48630319887903
172.30788503809723,73.31628214257006,168.71340196947645
177.7005220340231,65.62608119326622,168.2726170705677
179.55652695159623,65.97485394929618,171.07368583953175
178.81744369650886,51.81560657710215,163.4967320352019
179.49385293189496,54.666832848191355,165.1061995007592
179.21635007460586,46.23734385806582,151.42748161872285
179.19641312530214,47.118732793855024,151.39351495154435
179.34184383749513,72.97939487994843,169.36742515405126
167.6185528582138,174.4167931710827,179.0148826768749
176.41909612595296,70.64009407598567,176.74772610921363
169.23997102430388,61.3159568959948,178.28533601301348
173.06879958988566,62.269761254586165,171.6783075231331
168.17113799766892,169.77701987808143,168.77182136843052
171.10916427358484,32.172351940300324,174.75020248770863
166.7477447971031,42.032224037922305,174.3956086401442
176.80959432516084,49.758983788101936,177.76347103008422
176.23306052791412,49.75876374208241,176.60851648130935
175.24699670368776,41.84458774613527,166.58099283730613
177.44116359172804,43.47758017011465,165.63432910096606
173.96888654160807,101.6049310936537,161.52329076382946
165.24038847712595,92.36589596991135,161.3628369247609
175.23128321743417,57.68437559763036,175.44280358977093
176.5354380210984,58.63195334068447,177.7521042855112
177.46126169722055,74.38365067244993,169.75197885204415
176.23050679124037,73.55378892454067,172.04885033536394
160.4192867699327,69.28801465496214,168.17447393167834
165.25811603119092,70.08674641962403,172.08854358214586
164.63808928678222,72.27371235444643,175.74213757756394
176.22757769731382,70.28169407500853,177.07364319039488
172.93774291016788,65.55322729091759,168.4647562787637
176.8692170791347,59.83314494276695,174.16770702123335
172.29845001090067,89.4189966911901,158.16976822630818
177.17568823803188,86.99510970914356,158.25371052673364
177.93232798810985,41.522357302579415,171.15457607643341
178.40001350174816,40.35766552076844,166.50445260063753
161.34449577541903,39.79740702822019,161.89609201555112
161.05240911129715,50.58140773312173,163.33439265223643
164.69493735088633,67.24317898809848,170.60576742824094
174.26862212830076,68.77244404402528,173.74077995997115
171.90034606649047,77.6100800909349,167.88125444259228
166.66873822590236,159.46710733506472,170.21920790175403
175.02900305804212,64.81150972064171,174.37112441553768
178.20682334698725,65.69859784337207,171.00039137106774
175.47604885255444,60.70561844288368,175.61823584008107
175.31694547503665,56.81551170487439,171.5478779662602
169.98793912473167,80.56051600776627,176.02909224499032
171.14729726588652,83.58221085040545,176.29129164241624
176.44673346520335,66.76632850039702,168.76174756496502
178.91735266149797,68.18090722559299,173.01479968066258
169.98358645176896,60.98553171463057,178.35767478032884
170.02607599096245,59.38109459209242,171.8865488452775
159.4773266114458,44.75931843144512,171.8608940293077
164.227785978849,31.324818480081063,174.99761355372345
175.55306273994438,52.91754254985744,95.04750147473304
170.97239922340393,47.8165907357364,88.587554618009
176.32594597727805,76.86595731512871,163.95720953892848
179.16390354454165,77.68951741320339,168.81709451880508
169.95174377334868,63.46802983055385,178.60232588779292
163.73911715517704,57.46707453394661,174.86093831328256
172.27722187680752,62.77514587798609,178.59622584673565
179.81575639052053,60.320507078795096,176.7852581963555
177.61644777254696,58.014071250316555,178.4193967789868
174.59419175653548,55.16141648446154,173.47586013969462
179.35318179530032,46.86700922698415,172.25202857995353
179.8622575107399,48.45165267218298,175.14581317289566
165.62857173384998,90.12275495308057,161.9365346300758
163.68613860293678,87.63588879951067,167.11351298965954
173.75472542168853,59.267812179892964,172.20545531198354
174.79942103253748,58.03131173422474,176.15353030665977
179.48418722112186,53.06462083077705,171.36951058575963
178.61257531609832,52.29346881901107,172.02500442579608
176.6073598113697,60.38855550307524,178.90082429138647
179.51290141458375,57.70658112157643,175.13986954102447
174.32717851810187,56.83815779249339,168.95248448691586
174.69568570027323,57.50717014123893,169.95810081926663
179.64504613121025,50.74266431217465,173.0866682109759
178.02824739241206,51.79002563692413,172.0500146291328
167.46385756410558,174.36774635642325,177.70481508143519
176.70568367533284,69.3389730506225,171.94155492594018
159.4608422848542,80.93632874038857,168.76854451028197
162.64290782625056,78.52660870045897,169.04971652672452
179.5212189189635,76.5491012034157,175.99418298458775
179.87968770235824,79.97479899568336,179.90618609408122
164.00463369529913,64.19838009929725,166.75566261718177
164.46552314101237,66.38571852222827,166.28523860802787
152.69344529181237,42.42020053296384,179.76834866005393
150.49061174774675,43.89851851628357,176.61178122633103
177.61030046416872,54.9776141793146,174.78376631306762
179.668245020547,52.9392909991126,175.97579723580256
177.75907757081478,60.781964516343756,175.66252044806205
178.71125833119993,56.19875095340491,173.55534235503458
178.4086745454785,51.24572476466243,173.87522583632776
179.16223837197145,50.670444717108374,174.97537791221635
179.90022314487433,59.942127603656864,167.31924500457416
172.36122228535518,61.778551027481846,167.04736328417653
172.98983270291453,85.87030172872709,176.73761759704374
160.4269749371363,80.69764199642056,178.84132331498017
178.93348372093914,56.43499822093473,172.6354851458104
178.21999219328615,58.79803404106611,171.43968910137218
177.7018418010151,60.10023061240442,177.36232438852173
173.90389900928434,62.69954215920967,179.91387258469516
177.6368947668972,68.63465977396909,170.64025190083177
173.56330714784482,73.74180629781917,162.94946226685224
175.96551212335368,60.24532228756679,172.69727283528806
175.61701836547806,60.37499905397955,169.64408034448812
179.41302746245253,62.47612988761552,163.68377745238507
176.0714530187463,68.39144927286533,162.81725199746998
152.29925568362611,87.35125972352034,159.44864526221295
164.70148647523155,86.7830195452626,161.48662326521514
179.667071026036,56.254236012971504,175.96529353506529
176.71178852197377,59.651672795108084,172.92490143317897
179.41889692283962,67.37715627776234,166.5265734817699
177.03683980558267,65.75711391812362,170.7435505342718
177.4547235432754,72.84061238760023,176.81536706981535
177.38278050626818,68.94523872442258,173.49207585960403
176.135042934545,51.76311058002009,146.01871168612482
176.243806414452,53.744829977960265,159.62585914906265
179.09775184696377,60.062771245269104,166.32685365709307
173.14651775541054,60.641394649574906,167.8665299955693
177.30792485118377,55.80778032432284,174.89636686501248
174.56248463620653,58.858549370214696,174.613827305791
179.07096657245742,67.35563078606155,179.87576834773634
175.98038630643006,64.94854757515871,178.61899834163376
179.87382119556827,59.27212189366847,177.26807480150228
178.48194059555036,55.11626126168978,172.6608190573164
176.9873768605199,52.3380421315482,173.49283824805732
177.78273646442864,51.29157168911557,175.66203783509968
142.99958991092086,52.5448798634771,177.59679293781514
150.2237397520153,55.06525002070093,179.28507961244796
165.43276535029122,61.87229751680033,174.77820002345686
166.4437292147312,62.792576679383366,171.90341230759714
157.00790979972385,57.72824267405006,173.5932634674283
148.98332862528247,55.65192285828722,173.17690673181096
173.03172008745096,59.571587042983516,170.0112359296995
167.93822825984344,172.8711357272753,167.8075923273339
178.83788946842552,60.60195910779884,179.18134602499595
178.2466699979185,60.88687930728428,178.1960214529305
175.72672673296873,42.488496759918384,166.1795320396131
177.98306364215333,44.34401491386413,166.32041987811118
173.77311620416484,67.2009148783129,177.89758149696
176.85940696907105,62.565732246211795,178.79998633625416
176.9488228474976,42.57989582329628,167.6692797422289
178.97594068544765,44.24639586990565,167.7243543291004
177.26029203727973,78.1078973117238,169.70768629863105
176.58370056078542,76.58589229267895,171.35521526607005
164.48039954885996,60.796984622018506,171.10622223360534
161.75286119467054,59.246023277483985,169.66222842615306
176.41643191350303,32.61602996029648,175.02033723295352
169.86569878946267,28.320963259272837,176.24316840768256
179.69144365999622,50.00934372264554,165.04551254322777
177.8082907620506,53.645731393085924,167.5211053039988
175.59160793723106,58.4166393988305,179.70758990190268
177.8950123727629,57.66039811853116,178.39136190660864
175.50483802928468,64.4800138733758,168.39065680810168
176.06114379181093,62.125593355050825,170.4882780550231
176.95598505588214,58.66335254021508,175.77999460489204
176.91913196343236,57.69994878669236,175.37695254560305
179.81740671117765,43.136480282092286,169.63500579870615
178.25909127631775,44.27294864385741,166.0157664247736
137.59620876790194,34.72767201545975,163.83172182390297
138.3163888087078,30.615133876050677,171.99843641591514
178.62981745942167,44.43849026316553,176.5846795348402
179.50203151412384,44.60666768444268,174.29568873797425
179.60255456517075,62.896033580714615,171.11027936797157
177.2899648986347,48.97142842241366,175.34818880244958
177.85076519303524,52.87244129248941,177.3843889659683
179.22896087851976,52.728834230218276,177.7041771538406
179.22245139267645,64.34406445618224,169.66706039066142
179.17290513684185,63.78749309822437,169.1410824155631
176.31631221193365,58.3833691239656,177.18196385032934
177.52796424723005,59.55693848808295,178.3760183533053
174.50273990668498,63.263841122173446,169.54096365476022
165.8274724809532,170.4339920372478,165.29588795227968
173.9956838478599,50.8752545291815,178.44143186315378
171.9046889214069,48.140500565263714,179.47963644426034
178.6263785901247,60.21630139600824,175.90770640535905
179.29929725594369,60.037881005268645,176.958627495237
179.71918914471698,44.76561980860507,173.1310204236616
176.7549761453791,47.57460167264837,176.10550606070674
162.56654783520264,76.28559947305446,171.951186068847
165.59395823927457,75.19851407846824,174.126680521427
177.92662906057035,82.22165859698663,176.2289527273275
177.37535430198864,82.95395767164771,174.56513885311352
178.3441270793523,54.33349057883654,176.02302967167233
177.1386375779957,53.04738262835261,178.7696801585634
177.83597713618704,50.94429118627259,175.18695313054343
179.65310536650097,49.46013406535953,179.55569804132003
165.4309567130691,72.4571541270032,165.7043592950647
175.11482151716106,70.77858311082215,172.84609428189933
178.89099622564615,48.51924237637981,150.26475630698513
179.6608402865789,47.85024882324455,148.15013787652137
178.51537367151627,60.837617328510404,178.5217449487434
178.99270275309095,58.613781283286364,179.9874367024505
159.7620576739359,68.14592797230522,179.82493158575886
162.07145791365568,66.97052924348783,175.09384369368584
172.28471460878262,51.85466404438398,173.7819492999982
171.920623349706,51.78977040777849,176.15903280600875
176.95344700568893,56.96302794681411,173.07453532474312
171.66091990035864,51.63014962433932,174.54397037602388
172.94332247476004,71.07365201141644,174.89241908078293
176.35484961280056,70.19341327172035,173.68433686942845
166.43455786180834,75.96233573661048,164.3949422396297
172.8391834785996,75.71296339306866,160.41463852095887
166.57873279890134,71.48608185729616,167.7077026962915
168.81139480159476,68.71091097135943,169.25968648323953
175.72312433570465,77.07998596050554,161.79090534930748
178.54551763250598,74.27281961068844,168.46536233363088
179.87618250403844,66.49312248219722,176.89820872444514
179.1796675941915,64.82448247084443,178.3328630427628
173.6235819418332,61.933804654014864,170.2137907933439
167.04699554533542,173.5055427829558,168.01907652818704
177.75288369458465,76.36620745190616,176.66211331748454
178.43490443818058,72.56837324307625,179.82182728060152
173.4880888686374,3.1923885326636827,179.29349865642203
176.66625310797411,50.45514044343766,171.3399284142679
177.2061199823146,81.90095706374635,178.21706120239554
178.32662702867444,81.97710878985087,173.33662113336132
74.42065343159062,152.8463266350929,174.83550683760868
111.61976055145004,128.14542805846582,178.38843828437751
177.27015374321886,49.241758120235474,172.1766729817456
177.25024009448308,49.13405719028535,172.5678413600418
178.48060590298982,61.64498855674159,175.47104982106404
175.7813468833306,72.66944626390095,168.90463711339353
176.74449860133154,76.68122568507232,166.107935978243
174.32201978063665,75.81799974606609,165.6564804125642
169.52115814321652,21.335544572761407,178.46340773245177
176.31907563028344,29.09315082053611,172.02247962414864
176.77628618573905,62.760620348219184,174.26376884477583
176.22789184358078,62.8121254741174,174.96997413421175
172.89969464820268,75.22260713750404,174.75863717528216
178.63572821221413,72.68194883491319,174.2604713281869
161.00964969708912,165.23504940781612,99.91888742023548
114.80053038140468,172.5561394839256,14.686573401989634
172.80718600571709,55.86899517881045,176.81800832192837
173.20250815763467,54.78540592288484,179.26777618823854
178.46353928554512,43.74601012281409,163.99449106872774
178.99123361480537,43.4132464665155,162.72646138619592
178.5073914901954,63.16830132501578,176.17960142340567
175.1894873121892,61.14684908700122,173.48062544623633
178.64344056207662,45.20587793142938,164.7137073926132
176.40114308707498,45.363285882560824,160.74993798784348
179.8249928615525,53.9761693692827,168.64640556437922
178.29855515159483,55.551332502878665,169.66769172474397
176.625661708892,179.95186494547798,176.22742407999598
167.38394104336064,81.0652418676719,176.5596909216956
176.625661708892,179.95186494547798,176.22742407999598
167.38394104336064,81.0652418676719,176.5596909216956
178.15877241927285,52.26462221635556,172.66901200575816
178.7173262113918,52.60822918096677,174.23356879640195
174.99116454628444,58.21017826641382,171.48066329991772
174.70462814254788,60.01399875383303,166.2671742156641
175.1887180390724,40.358803974595496,176.39010261153206
175.41199094105494,25.616660051499434,179.66883065077002
175.1887180390724,40.358803974595496,176.39010261153206
175.41199094105494,25.616660051499434,179.66883065077002
179.7129824561009,50.77431629123828,177.85198442171472
178.51320371994848,51.32925380236599,178.69743347659332
162.73612318394586,170.12499849404074,160.89350749630864
176.5594932619251,79.14323063518634,157.90907932725062
162.73612318394586,170.12499849404074,160.89350749630864
176.5594932619251,79.14323063518634,157.90907932725062
155.75151400809136,24.64259932405564,175.81921077198407
176.58283294631323,35.489438673629905,170.0860496293739
173.5860765616878,85.94824241665395,177.49576393904155
161.23651209281144,80.74242407725568,179.65056436031279
173.5860765616878,85.94824241665395,177.49576393904155
161.23651209281144,80.74242407725568,179.65056436031279
178.5879144331578,55.537137138542896,174.65601129196767
175.13010742003135,58.79435785767706,173.0546954434798
178.5879144331578,55.537137138542896,174.65601129196767
175.13010742003135,58.79435785767706,173.0546954434798
178.62632175127274,50.009662759135374,171.37672792958313
178.68028887880274,48.30552456018902,173.63058259610668
178.62632175127274,50.009662759135374,171.37672792958313
178.68028887880274,48.30552456018902,173.63058259610668
176.92728566549692,44.424699371026755,177.24732558905566
177.3949606963758,43.78567560232326,177.28713334337456
170.6467691126585,71.79273849075929,163.92292645762538
177.31269064007333,69.25848583351299,170.6871393187232
179.74084666648199,66.22029599272737,176.78937303262614
173.30963893893374,60.93813041771882,176.09637089243648
177.00420362767036,73.65639054870918,168.76634506501497
167.7818286894766,174.58670507482242,177.71172005876596
177.00420362767036,73.65639054870918,168.76634506501497
167.7818286894766,174.58670507482242,177.71172005876596
179.95369978086063,42.12439665680102,177.33681158763832
179.00310284353037,24.767399815501367,177.2524969083605
179.95369978086063,42.12439665680102,177.33681158763832
179.00310284353037,24.767399815501367,177.2524969083605
179.8664368448996,65.62557683900135,177.66035942044158
179.0573877565282,63.76975369280572,178.38774328144984
179.8664368448996,65.62557683900135,177.66035942044158
179.0573877565282,63.76975369280572,178.38774328144984
170.05459913714836,48.933307870545846,179.63131036315295
170.70330423240551,49.16418969671023,178.1591241469534
170.05459913714836,48.933307870545846,179.63131036315295
170.70330423240551,49.16418969671023,178.1591241469534
178.73216802977734,59.683240452383565,170.4643986461494
170.64466876199316,48.167361216579,179.31292624131567
178.73216802977734,59.683240452383565,170.4643986461494
170.64466876199316,48.167361216579,179.31292624131567
166.68201480686335,49.62080668772912,167.541142625898
167.86196662802942,49.616840467943526,173.67314259301608
166.68201480686335,49.62080668772912,167.541142625898
167.86196662802942,49.616840467943526,173.67314259301608
179.34705335310463,46.073592584646214,172.8839488815264
178.38127129499873,46.45976219724462,170.80446652714434
179.34705335310463,46.073592584646214,172.8839488815264
178.38127129499873,46.45976219724462,170.80446652714434
179.78738640744774,61.90983682484447,178.7571239972079
177.37920665796153,58.94989972175068,178.62713044903202
179.78738640744774,61.90983682484447,178.7571239972079
177.37920665796153,58.94989972175068,178.62713044903202
169.63987309213866,52.81317544651711,100.44689470926849
139.0274059363743,73.34594817794567,70.276641862617
174.65792568635143,62.66540944317935,177.003781586127
176.7063487405032,60.59644322079185,177.26780642474748
174.65792568635143,62.66540944317935,177.003781586127
176.7063487405032,60.59644322079185,177.26780642474748
175.520971572989,65.39841573586126,164.5693423619004
175.4789934690927,63.91508837766933,168.53675210157215
175.520971572989,65.39841573586126,164.5693423619004
175.4789934690927,63.91508837766933,168.53675210157215
163.01441861612483,104.28258873280957,164.94320763553992
177.45611606672747,97.52186802429269,164.53786441219356
163.01441861612483,104.28258873280957,164.94320763553992
177.45611606672747,97.52186802429269,164.53786441219356
178.87853537707807,73.57169967575174,178.06579281367263
176.30029845945725,70.273671058292,170.95221015889373
178.01254123576533,50.71557639215363,179.98853756587252
177.44670864433195,52.24204045905577,174.74024453059846
179.69511818739429,58.02694648690266,171.8202918468368
179.7400189799278,55.87202299220775,176.57738067895727
179.69511818739429,58.02694648690266,171.8202918468368
179.7400189799278,55.87202299220775,176.57738067895727
179.18325866137957,78.78339958612983,178.2505123719253
179.41106232815136,77.04591635284683,176.78894309566908
170.44273041084185,14.21153366692929,178.73514786264508
57.54871889775847,163.74571349154007,174.20330617800207
176.98243759387643,61.69692483871642,167.84995344848312
179.4132029864467,59.04346088455654,172.46952550448222
171.03029261820322,62.31312102828395,179.76433805673958
178.73207306195732,60.63631967123604,177.79900567902973
179.35819941638428,48.81879838777035,177.71829498398876
179.6945943131357,48.43954570440497,175.98833191454725
