LEGS,ARMS,HIP_TO_NOSE
84.57614552431419,173.40719402535728,76.51815876727031
91.78074455623816,174.65419406345904,71.72583412178244
83.22017575537942,177.7595593619943,81.65430734703855
79.44885610485522,178.78131108982444,83.76493799933775
81.64936629662498,173.2110385408154,64.7848207802434
79.46316032573101,175.38863864859752,68.49626026049474
80.4617598249582,172.07483876746767,64.09847048444465
78.83333702538962,172.5998612086955,61.71819316296789
92.9554874377464,173.41747819467983,80.01068694111117
93.4883279846303,173.7032783356257,82.20090739208784
85.56561020477824,172.60610200424642,81.24411088246168
84.64731834065503,173.76829135549198,81.27892753258227
64.3663882799749,175.4231827687157,73.08566356650807
85.21900311691049,176.7177410147272,87.35825232597752
79.29107283081348,173.7963238323843,70.95096291308421
82.872878740559,178.23722705033668,67.54856161975759
141.60204727064868,169.65324011576052,30.408447559787817
92.08277908063302,173.8804234572482,92.68299094451183
76.60234964264404,170.4065701751045,68.33105065931608
76.51043742636072,170.7584504151753,65.44187428078973
78.19394727942253,176.52727989317023,76.48743220386626
80.0480538217277,178.18124026902834,71.85019256210674
92.44825042418245,169.7870576520636,70.88403100243247
86.58760608566394,171.99709956638762,70.50203216062967
94.17566969690452,174.64298931117423,87.64367412741612
92.84171500615454,173.27352875028046,91.43615583708873
81.49829820842601,170.10102370533434,89.4148163226833
80.0936301486576,169.83469421229745,95.7900270697786
94.70374101226648,176.52415126795967,87.92929983267038
93.14913149524087,175.53640436445508,87.69213698438497
76.64536829640026,170.86433485903106,67.78525365100685
77.5885820840668,171.72229846894967,65.35836781555723
83.54521493718036,174.9794479834393,86.77348644915871
79.68429572946005,175.53412989064935,89.7574428991467
92.90089880982043,175.01774851970714,74.72612373909308
100.39195220378095,175.70886404345046,73.51381462422218
76.01070849055833,171.40318969988343,76.34737386461141
80.21397404617615,175.6084395224074,70.78374462873616
141.60204727064868,169.65324011576052,30.408447559787817
92.08277908063302,173.8804234572482,92.68299094451183
64.47333296387214,162.50581731715974,118.26969007400913
73.83461618310176,165.99967858556099,119.5430305770883
82.63050678781664,175.4382039146263,86.4866594490141
82.12716566878582,175.05635846098752,87.80332763647654
65.67182543458378,172.63922848080202,29.36696999965226
89.10334743426463,172.52811083584206,77.08778422104814
95.57817320850813,173.23713432004462,73.7004946070556
85.93201594362637,171.8468490980339,80.42894618176896
77.77186649402978,176.9158769175265,80.0920798613042
82.96993133906378,177.30644322835818,77.52563987800717
95.57817320850813,173.23713432004462,73.7004946070556
85.93201594362637,171.8468490980339,80.42894618176896
76.64536829640026,170.86433485903106,67.78525365100685
77.5885820840668,171.72229846894967,65.35836781555723
94.230091143724,172.83484686684395,68.78366119959313
92.7828795162614,175.0843049772275,69.79010020293107
91.75177923210094,175.04436384656105,76.57511419888493
85.30828155962458,175.17097222310485,80.58382479145526
86.90689862310154,171.1234137594553,82.45943881059559
92.63699005203377,174.06300519279276,87.31880100148572
117.44116868879334,178.69523097610895,53.53191509553676
124.2240460563296,177.97758244055035,55.402043890851324
97.70617100432634,178.85034601768172,86.38687870362058
92.53350698349423,179.51735887808087,86.99600200600304
99.97141960611421,173.8608556215921,127.46655057454137
94.71165055160147,174.50011399536228,123.60475570194482
69.80434685454273,176.3100849339889,84.22576739142626
85.95958197913554,169.54330187859966,81.10401532036417
78.34153895409582,173.34838789298996,81.63343906701493
53.57511656455761,174.8413683967324,80.5621637741446
93.00171529469321,166.4635787995112,75.00908176921934
81.77608026269287,169.56685350541872,79.17236032154652
99.46867189447624,153.63243838690659,84.0785671475229
93.81269024587641,162.10243464592236,84.43686744633479
94.230091143724,172.83484686684395,68.78366119959313
92.7828795162614,175.0843049772275,69.79010020293107
97.32356998418891,174.31657666086176,85.68427446942601
92.85239381031869,176.40259348359186,89.24394371477662
94.230091143724,172.83484686684395,68.78366119959313
92.7828795162614,175.0843049772275,69.79010020293107
89.94448281894337,176.20225682603993,89.69789227493642
94.50967804312171,177.3876948643207,87.72221523703506
76.69220487095225,171.70150606118085,83.83179364206848
83.5187809569202,172.79304082238565,83.54307735751833
91.39899266051722,178.63798999323024,72.47688684060304
105.97974463229315,178.05138475924122,71.07708239977754
91.65951837595436,172.73592405878497,90.16028990562853
97.46390015919033,173.3915904661335,89.00714597644337
98.12321196165061,175.72989415927717,86.05108749558752
91.18030777943902,176.289093377256,88.09765556068311
84.79214645832019,174.32530760903518,83.79394222358333
83.89792635582785,171.69054448122523,87.64575841545529
81.65871261518113,178.1999250805544,70.19719949418244
78.76433784610462,177.66624991197943,71.54131164739302
94.20118156572028,173.5851951223973,89.21841599127904
90.30245350643037,172.79367636607245,89.74081493102216
98.55023031723266,178.76867468369701,80.60598175710597
105.63759118964477,177.41743488624823,85.81834803876175
89.9230950298525,179.7788880309984,73.15429540990868
87.43253282848042,174.31195136934883,72.52689674825646
76.4791066962172,178.37679306597607,69.57163801872825
80.58204436865675,177.4811424290951,64.0127924212185
102.20409151513576,174.10420537324208,76.35047685869222
103.22125595860626,169.82673911132662,75.0170042426738
96.09411489478646,179.83535743067122,68.17319984068766
93.47048054689287,178.7334106082951,65.2969950574786
89.82746415405192,176.50981546112445,67.24529287943011
84.71507220825302,177.20210936262248,64.8545441830496
90.81838350192118,171.14608312479157,79.70415497363466
79.82212397462555,170.71860687165483,74.54673173726097
81.12282214353127,168.77262844596004,93.86776352431126
69.3747607313421,174.19566481621158,96.70306471861683
79.9799191328663,176.29580199201473,81.08952519400678
74.78291075508878,174.30500479752746,80.72488895955243
81.32623032143448,175.3172281020991,84.26412039402662
83.20537915239193,177.52745977252746,88.13205943783078
81.1401453440063,167.5071380774524,77.59422837091434
90.08782640458304,170.9560715171017,66.11655408463703
94.7807220654114,175.9683913640677,100.42022362620776
96.16457779979945,178.85469765626536,88.4456012895495
97.07061007310892,179.86402462996722,82.81037058624365
88.81385547493232,178.43206228686563,85.5509729872732
91.23334357258983,175.86462072477005,75.05635635765104
100.23917113771166,176.78749997204946,73.93090285500634
79.12320586018298,173.07173269496357,70.66834256687451
78.54043068336709,175.3340907835782,72.90425096440687
86.81701068670523,171.15866689785938,71.03771175698301
91.74280757943104,170.33997548438848,71.01132952704924
83.7893794269324,163.26519049081983,72.52345291926896
82.018833107913,168.95824049160422,74.23111311411905
82.55434644486233,175.26554671657934,83.72788348928027
80.02844275300896,175.29687495134561,86.32723790399767
84.4971428792597,172.49770997622437,67.08505932388199
87.20339858654717,174.79218974257617,66.50751939140163
84.79214645832019,174.32530760903518,83.79394222358333
83.89792635582785,171.69054448122523,87.64575841545529
83.7893794269324,163.26519049081983,72.52345291926896
82.018833107913,168.95824049160422,74.23111311411905
87.6781219282932,172.92512886334603,85.1565483817703
92.89934378006092,172.06161335509464,86.24286447112998
87.7177422065227,179.31473489689387,81.6368444827099
82.00721040449982,177.49244970306685,80.91405442763653
88.7845707034269,169.30950644726872,14.579419502160988
98.02327185546308,162.14691005291974,57.56461603926179
92.9774822325499,176.53995595895412,82.39096646988214
93.71096354528083,174.75337797281068,87.52507392396916
93.09780349165408,178.84218502722157,81.6915443405255
92.0361955311011,173.55372882764334,85.86379355447832
78.36086833157142,171.18073295654042,68.26748451835562
77.83457107449713,174.2191618825241,66.17875516087454
87.09010334535712,179.55762559251087,87.27535358558337
93.38156146993542,174.7822397569741,84.07376019624981
81.70207765181499,179.51354962070994,73.02635220085985
76.34332911055708,179.6662891056224,74.24284843023588
81.70207765181499,179.51354962070994,73.02635220085985
76.34332911055708,179.6662891056224,74.24284843023588
110.66630770342903,175.18618387289004,110.7802574400566
120.51865071189327,174.72259660398336,105.7284875972912
119.49589903782392,174.1495577949436,110.46392414017731
109.18058292891413,173.4313909253256,116.13587205205582
97.89712127369756,155.00252081793843,96.89841764934314
85.29387786978651,170.25507026611712,97.63197524106788
72.85796704284094,166.85126783276078,54.26122735617223
73.43947206442006,170.5868920213816,53.95331155532262
83.34980456994407,174.427839906189,87.514987397847
89.42961376943266,174.84606627528078,84.1646301226387
91.80649771467614,173.60502659054453,49.0905480565809
93.15850058701362,169.89389432604594,48.621904641937
100.8550703736845,177.87043688543514,94.80281046761053
88.20328120355926,178.60566751241117,94.87557694151667
53.30780136665875,138.55749991840506,56.873434220088434
40.74344995393803,128.40338385332817,58.407910101744484
57.370705440473905,175.12455020350828,60.89617686816296
63.44848767589671,161.4866516418063,59.98959164534407
93.55701851424527,169.12867752535067,104.92278050642902
105.8535429457944,169.8968221705322,99.17733030149085
100.89611168759718,172.21824246512048,102.29403285422222
111.1177576917837,163.9637792562565,95.32694499403647
79.8250224070856,177.3255797998371,61.47591101049757
92.15802104176043,176.9282920001298,63.95416910891109
64.56092874701105,173.76158544354266,72.8394851225239
78.88359221809033,167.3263894644733,71.16564979258993
75.67951947253395,171.95023941058952,77.05021370305776
83.83176458592067,172.8869005850204,76.22663903201605
92.05560152385905,175.28596591298236,75.35768100632511
99.83020542763774,175.6745713836005,73.1486203729673
59.515521959366396,165.41621986198817,49.68422536926575
63.96111578194048,176.79180200158308,51.79021740973464
78.29371579861389,173.74965888665344,72.29688962656684
86.21760605361986,173.3504709106436,67.49952088209696
78.18789221046528,171.85391131343158,78.66825712818641
60.92627829985695,168.90478007765444,57.924628403142485
69.10426042435675,175.99536384680633,71.16093618882262
73.94779007506956,177.57880268727462,71.28189840231937
85.43992393097655,178.32930550949519,83.45497796321537
76.06744204015025,177.35582664833032,85.76413715588917
84.5063399254234,177.9629554752406,57.42241115592025
80.6430544313089,175.4074546457881,56.96242405932569
65.3606313281613,167.67434424219206,76.32545740693952
58.70834743991329,174.98374502374307,78.94545777883754
61.50122160864664,170.2619484999773,51.95443255048816
60.215747608523635,171.17431715613748,51.931998315476534
94.35035482751613,179.87056958172914,67.1973997604646
94.23944640586564,176.47693131085887,65.99483380870313
103.02172078748589,173.56271256531437,87.55455922290284
96.14355928691612,175.87159298644033,92.22093684804767
60.51584475650848,174.04532903328976,75.73229351690213
66.5120532675958,167.79916202873193,73.90187776803445
64.06724070097346,175.83008394942954,111.72103520167775
41.937844942698455,176.30217062625962,95.46841613821641
92.52265595966351,171.21606053618623,111.26545133509072
101.11687778055017,179.59682508503042,97.97288773291103
91.54123528725847,177.6829779960439,66.7098253232667
85.02346916615733,177.80286146761574,64.98000771406966
109.30711311192982,168.60297335167655,87.3640867322331
104.79360849252802,178.45504476103915,90.01760358999374
67.63425895015254,169.6532076086331,56.60039273129383
64.62379896697603,175.41905857018915,54.87781250932778
79.65504635341226,175.89244359170678,70.05060818033513
82.53355349121621,178.71163172948155,68.75641459231092
96.37981507300933,175.1406072279536,116.04002399326251
92.49048299239084,172.62970428119917,112.11717991714445
85.72244139659904,176.22490457758096,96.51116315956679
82.75074328968321,173.99048977735762,99.4073383948177
81.62870619160141,177.69645094932773,84.70967758056527
77.51588758843734,177.9558469277723,81.77652549298072
97.39254554590184,161.23346005621698,115.1007331641601
101.83554267640835,164.05384072742945,111.98736243923656
86.90697689492765,179.5652599711656,98.18835413713117
80.33440005785312,179.71301789234386,99.06434671345403
84.98426707509442,168.58976814013184,79.898414105583
89.92965392172611,173.2707809061809,78.66390198057509
102.44699148299802,179.6001835562069,114.75673612921574
90.82688138801805,150.75942938062525,130.60140768044417
123.1804365502807,178.5872548649258,104.94243825131849
118.1714572639702,176.1596084467483,103.99757781953264
56.73963184595431,177.98912932987562,60.24271091167746
60.27017757840914,178.48390911285745,57.88376702783866
98.10233266847825,177.83086525420413,91.6446336067682
93.53651949217488,174.6529172521272,88.9652922991688
88.52878460484192,167.10206469341395,81.66019824201165
82.97264916724532,171.40140216724143,86.82214563065853
69.93382258755327,179.82056261841018,67.80349563727002
71.09851634623836,178.09551718206254,62.946029469936875
125.20401285323328,166.70441402670164,122.55931103346495
129.3324481041465,163.80590601857256,121.16806828521538
66.92418299278498,171.83991192749457,53.59327203676286
71.78646120713681,160.25428992309514,53.380848985969116
34.88601375577905,153.67198807721394,51.26300037031862
46.20777950938636,165.9212754297863,37.7851182632745
87.96758856373619,172.6034308114986,97.54700798535612
85.57837922361855,175.15251101501858,85.11488711827523
77.24824568270711,178.85009228606867,86.51788861345
90.81938431631266,179.60579137043618,85.20978925104933
126.46490611281368,172.1715593041806,108.96310610020993
141.8222254337739,177.79954414876585,98.42928960953446
82.73003057657984,179.51114459824902,66.7043018350416
94.5107182783557,176.12692180920493,66.66837013270839
82.63490059056777,174.47574403102467,83.09513511842455
82.16233428375952,174.16867618551524,84.6144916228681
148.41093553078153,173.28921418559398,110.55389009294564
144.62493442217834,178.2702482030051,110.13534199199697
70.4669794744893,177.8675949793328,73.18833194707078
76.07779624771207,178.57728880687952,68.58606140088128
84.79801432857856,178.17205669687016,76.40501121163844
91.51868273198495,177.81033529727418,78.81391697546303
82.26047871135358,179.52358535772564,158.96883731121642
82.08103722629683,179.99160328267712,156.5381527691296
59.12780753833495,175.62139963445142,61.04464108644922
62.95094478258036,179.73007337632407,59.46975975992963
65.09165088228988,179.04310286628586,60.639390519612256
64.27754756848076,176.73035339647413,61.31771628601619
89.2239419935928,174.42861717794344,93.33601852466744
101.31242301476408,173.5242433288059,92.93214267550813
89.2239419935928,174.42861717794344,93.33601852466744
101.31242301476408,173.5242433288059,92.93214267550813
107.09872106344943,177.52093419379474,100.09560077590004
98.86499924397476,177.87058263680495,103.72080962441555
79.95524528013105,174.39164357489508,69.79129022628481
86.57906524243077,176.88312302968504,63.748707321175324
79.95524528013105,174.39164357489508,69.79129022628481
86.57906524243077,176.88312302968504,63.748707321175324
141.20658820986046,177.1504518922081,115.72018167708791
138.55626291402817,174.9840443987391,114.43839278384348
141.20658820986046,177.1504518922081,115.72018167708791
138.55626291402817,174.9840443987391,114.43839278384348
90.3438698944181,174.09866143987452,99.67244905194723
86.92459758559636,177.93519298561924,99.23101146101173
90.3438698944181,174.09866143987452,99.67244905194723
86.92459758559636,177.93519298561924,99.23101146101173
97.73163280179455,176.80552755438663,86.52423819355123
97.47854032053971,172.67090005080374,90.47418397669509
97.73163280179455,176.80552755438663,86.52423819355123
97.47854032053971,172.67090005080374,90.47418397669509
73.33225941923709,176.90743342983552,70.95548506162595
69.13561535185895,170.7604137498108,69.61122500461506
73.33225941923709,176.90743342983552,70.95548506162595
69.13561535185895,170.7604137498108,69.61122500461506
69.7488603089318,171.8151098198001,67.74623268215095
74.72287455879847,179.79322533985598,70.09580330450723
69.7488603089318,171.8151098198001,67.74623268215095
74.72287455879847,179.79322533985598,70.09580330450723
88.43936965836468,178.33259653527406,88.39959443178016
105.76148348134782,175.87981401975398,82.47089232628522
88.43936965836468,178.33259653527406,88.39959443178016
105.76148348134782,175.87981401975398,82.47089232628522
104.86188907605593,176.80488670778394,107.71621200754367
95.58256987658639,177.10086883822777,105.54607100633325
104.86188907605593,176.80488670778394,107.71621200754367
95.58256987658639,177.10086883822777,105.54607100633325
83.28919767212592,174.99930408433352,83.37418811616863
76.64558877032519,173.94050062847268,82.35564423627716
83.28919767212592,174.99930408433352,83.37418811616863
76.64558877032519,173.94050062847268,82.35564423627716
72.45040104148423,168.5724535006357,60.926403007117955
76.37420955079361,179.5339529762586,61.15851185950357
72.45040104148423,168.5724535006357,60.926403007117955
76.37420955079361,179.5339529762586,61.15851185950357
83.26313390989071,172.42599320350374,85.04783264770528
76.71233055489256,175.13580157347354,79.18823318662278
83.26313390989071,172.42599320350374,85.04783264770528
76.71233055489256,175.13580157347354,79.18823318662278
70.7018907959917,169.7411858900335,60.655969001657674
69.40595389209015,170.46069575919668,58.643341224957304
70.7018907959917,169.7411858900335,60.655969001657674
69.40595389209015,170.46069575919668,58.643341224957304
72.18700813265355,179.2817914372747,73.88686707099619
78.43942111389521,179.09686616604878,70.0555840277808
72.18700813265355,179.2817914372747,73.88686707099619
78.43942111389521,179.09686616604878,70.0555840277808
83.5677337253964,175.37715916065338,74.47142850594952
86.77224384354606,179.64430197863874,74.84967621894157
83.5677337253964,175.37715916065338,74.47142850594952
86.77224384354606,179.64430197863874,74.84967621894157
81.88059141380201,174.28201909811244,85.17697260895035
71.64846476345704,176.45238100401835,86.87620696765097
81.88059141380201,174.28201909811244,85.17697260895035
71.64846476345704,176.45238100401835,86.87620696765097
94.63843784993865,177.58502643876486,75.94728573856166
101.31942289555735,178.66583775962272,74.14461433837937
90.47362127093204,176.67686750414967,95.8579489218912
74.19704665057012,172.76162493917985,93.31456526812872
90.47362127093204,176.67686750414967,95.8579489218912
74.19704665057012,172.76162493917985,93.31456526812872
75.51416541399905,179.52697215156846,64.27954700170424
69.87634391951545,167.24413692378997,68.82663668050435
75.51416541399905,179.52697215156846,64.27954700170424
69.87634391951545,167.24413692378997,68.82663668050435
93.33790309373684,172.72058937731083,63.05691898183145
101.64855941704623,173.61450564575094,57.279009480157804
93.33790309373684,172.72058937731083,63.05691898183145
101.64855941704623,173.61450564575094,57.279009480157804
107.19452442786046,177.63901375367038,103.71589521277645
107.78236170541551,177.39437302325632,109.3003675275632
69.88424882002339,179.4564171700137,69.27013690180708
68.23778316975607,177.5148525833537,67.63092627579616
65.13272979707116,64.91622767032605,53.85814001448814
76.93053089543524,151.9941053700316,52.567568265920485
79.47911042866338,179.99886719899618,76.22655166520319
72.35699164555382,178.95799854125207,75.40529285594975
111.42529168697878,174.72316823794756,100.72760486589027
104.82437105055325,175.58797957039607,104.67438047011737
67.36791727337354,176.6215883630182,68.59956155101368
72.36848314090045,178.9145890857552,64.88011089829848
102.83163269866205,175.8933641889664,112.36098249682667
80.53229149091356,179.83847437997977,93.49701314154215
135.3735969784781,178.83356150355237,109.59937906450011
130.46586530178735,178.85882089723808,109.34538275982081
81.66350444098398,177.33658827998732,82.64933505349198
87.656864673987,177.13054651182017,81.28189413316707
81.35083355961804,177.6010490896711,71.78180559458113
74.89243444177464,176.36661706896146,72.79842839032632
102.9530999127125,176.4966296209656,89.44834098432241
95.11677752375874,177.1864763159045,93.61683515570365
77.33315524456818,173.90158903992003,58.5929717225154
80.00234577717804,174.6496466412577,56.0992713238866
99.18667155195624,151.7486277993177,82.92256245033781
87.93674466534621,159.87405484622295,82.85438689366653
113.70946983384783,178.3577579603679,104.81683472984396
107.79374107184248,173.94834368683422,106.86137058130873
76.91097548563033,179.86928118888127,67.04750055272032
76.03608729884762,174.48628429707986,61.78135688302049
84.58229943773708,174.35377077648818,81.27265953287403
87.33043642049189,175.73245896153426,81.17193153425302
68.40397853556063,172.0274719480436,25.815057074652067
90.88387035323603,173.25680254696567,71.86177241856069
89.68248740617547,174.66459390329194,71.04875042697753
94.4330771088532,170.2106454648059,73.69872605818179
55.48494782964739,170.13419338634196,47.807981383552516
57.62792281732137,172.7247817126717,45.402674474974006
70.08225570824852,173.86952411601197,67.5098822879924
74.69982082403571,177.86421941390898,67.33008268558818
70.33183881632196,173.71710754571367,62.71978174753115
71.1329708985102,178.9188321945674,66.53168935240474
70.15699687748327,168.64272814513572,66.29295459758306
76.76452046342546,175.62554161596609,62.16630711938054
80.47428309157837,179.2187393482854,75.30089679530543
73.68322929496465,179.8718321708124,73.48927451860274
66.53970954690043,172.9343082505925,68.25107748476303
70.99748533843683,179.89968312470347,68.15631594893115
82.67922959006238,179.7008819362817,92.76928896428495
94.96362756461247,178.7534982426247,94.20367022473175
143.27916916632438,171.8421937707451,79.38856505340462
139.8965781275468,177.2505541059431,85.5361980275274
67.22106337289657,169.5753447229366,95.74673865147713
98.1160366175389,170.3166610622298,96.8387718015723
59.245953272850336,177.1630367614532,50.94461350448797
60.96374210097591,166.693921983773,51.861248231529906
92.23853275992286,172.9090704905759,82.39196245889006
97.41602129829533,172.64429401969693,82.10047133623387
71.59172400457096,177.00541604842724,66.75559984326428
74.26090794639377,176.81566676601847,64.8375732548624
111.06706500767199,177.43244796065827,116.61535151808656
105.19456924956413,174.7606617786853,109.09840896474105
71.27055224308792,172.71080265644653,71.34840469498279
67.53200744461458,172.3887802113683,69.39604237924219
69.19671353815893,168.6656991778775,59.54056951054297
77.25594613987482,175.24123085938203,52.90158235256903
82.85535035317189,173.96067640248643,76.61133164687811
80.3427778317166,174.64553813855804,77.38511986660872
123.47627417208355,179.54001033381752,60.893784374926845
120.55553757184475,177.95473718875,59.27360602248343
87.4091953744419,169.5690845056004,15.716631430448944
94.48805052078372,162.50544939121994,54.21481493265493
90.92799899873653,176.1035299118271,71.10459301772555
84.91598392744827,175.15020338592754,71.47421215719656
99.28638020519543,176.28434101371124,110.16281178673823
106.70514768704783,178.8097292461309,106.762528978313
79.86491631828709,167.36588568900746,78.42276345173423
86.71112584679938,158.02962382926023,75.04362814406569
71.66797123428746,179.8191922450295,64.2654190785301
82.14244718510527,177.88626845796128,60.717988790292395
72.27734053065929,178.06690126914137,59.51535560419513
75.37597140252518,179.0842888846727,56.61685413350649
98.9877189527515,173.6580058000149,105.66071245372014
96.55599025699723,176.2851513302862,101.070295849246
70.0584282379777,170.32849338473468,84.06936158518597
61.53500694252714,175.8578860431158,86.81408091533706
98.10226059908629,172.07941260795153,69.76022055394657
96.3169219392086,173.45974467527847,72.33023542703117
80.59303920134194,171.39808184850142,101.1070306066386
84.51445544855193,166.70042958348577,97.58270048976738
115.45527123031079,153.0034605887572,48.8774512949961
111.19139109950363,166.41058754256636,47.137286941289574
75.26310932377824,169.25897460729644,74.22446859626672
82.12221307227203,171.24868664654534,68.39583199608415
78.40061829765452,174.79385691267458,70.98564748790858
75.06883766964657,176.13443415833837,73.33514349447636
77.08367638331843,178.19497757653681,79.43203536547844
74.09245466511625,177.93713905456553,79.95604252077247
145.3685628659407,179.56077466579214,59.782230734494966
143.01130228963126,179.94352289348822,82.14693133597152
99.06829837786883,172.88689489890618,91.23904243877996
101.44674123772799,177.8768167355072,89.41692722851911
96.78277453613333,179.67482140267052,91.16936665139598
97.80155952163875,177.527539617783,92.72075558673876
105.3347559221824,174.4235441199596,101.3586841636469
110.89106724394718,178.99812245809724,98.76139901291083
61.28358039118035,174.77535532189938,51.02851167667429
60.6375981476794,169.84415213972278,51.74147309332348
87.19944528531045,166.68816302075814,89.66132377896517
98.38107073375636,171.1941287891766,85.5855814941476
116.51039582929144,164.11159493579564,109.57822930088943
109.70168770536296,170.15321687159695,112.04760193684166
76.27539711366721,176.376311968415,74.33180652147114
80.15709363013715,177.24671247927958,70.11600842279144
121.94450912684489,168.92258072098522,105.99638084040069
96.82896864600743,168.29402883294378,106.79187211961573
59.58433975501046,168.98779349084185,53.85439001658391
56.968655537377316,170.07800694216314,51.45662940344262
104.9287443754993,173.14619354145748,103.04238628920558
96.84995665208092,175.27212545600017,106.36869905330681
98.63141566541995,178.6221302836808,100.68909374629783
95.67908382676335,177.50083905012056,101.67012578332259
67.68217182586979,173.94887836335357,70.34840822368672
68.6582152534809,173.78365537344695,68.73924852827368
82.22769113363798,171.02905141741172,73.72494788050473
80.16210230859582,173.23176303692674,77.11505528336603
77.7248926314067,176.6054061388651,76.71176112591468
72.6933576526343,176.9257610986472,80.42579778996046
88.17508190690512,177.60792584555725,86.47202379370007
85.32710074465541,162.22935291313854,84.49773320075253
70.57445573014793,161.72271696350631,65.60923859162996
75.41251658693238,171.09745847679588,66.32561653658227
101.19729178814886,169.94898149659193,113.35308353405017
95.70947823937809,171.40960002325804,114.66761046254965
70.88579287518654,174.02105081224994,63.74010115014653
70.59314559697214,176.9674107583234,68.45670026040962
93.8687613531427,175.31938215210747,67.9253735578075
98.64444310215276,173.4658442107022,64.10369019529111
116.63385667723463,177.88386337389895,106.96729134302271
112.19192105049765,171.91408726375016,105.56938179537114
70.74653014213415,178.9410397488331,89.73642631336313
66.77642276204979,178.47476494890128,86.61354587724655
107.12789188455193,174.99645479475817,97.38066958181707
101.63271685277077,177.85838273056754,99.66848265224274
95.20169096312952,162.528802014248,91.71805830687389
84.76506341977091,168.35436360286025,104.09857903336864
81.9511687874511,176.71277658012534,67.4681596917173
75.18502043187313,176.7068246239048,64.77408382401975
71.21196154467302,154.79640284494903,64.12382830955394
47.57862465860782,171.60696641454743,18.490426547946445
59.38732800626858,161.39013357162645,51.68772551095986
54.74070288684072,174.1670733111946,50.49576773210073
108.36620108174321,157.72078469753058,72.15774164074362
92.9966771584472,170.64074924069274,17.222164465001413
56.4265022091225,171.19540394745414,51.61670858615569
57.52163851582109,174.44886480651388,48.57345711478277
138.86582848168166,170.3515279939127,83.42375238761792
174.98240918642674,165.60379851559813,102.15177481058754
124.12539878812838,177.55050563986407,126.07060905029556
154.8112339295037,177.55953430287582,128.59352670496258
81.78359214666148,177.08292740106162,83.09100268523125
89.43110018636827,177.67148476857213,78.02540997683832
95.67366452669113,175.6863104334859,88.80426549734813
86.47202664207106,177.4084191431314,82.81223141120748
116.71515452824656,164.9947959949574,93.78884214656352
99.73125484128795,169.4020862985116,97.88248598956704
73.42111991129502,175.35710208522693,60.37328725428591
79.12968969724706,176.09647232780486,60.50415218448015
87.25681581685421,172.76595259411042,68.52856199638498
81.24669080290727,170.23891845080107,70.86089074093836
156.7195218145747,176.62807518987972,70.86518400629329
146.26476548516172,158.28262870095958,79.72476372815959
125.90128527117429,177.06605966623962,122.65032978205733
150.125731892287,177.2249496431704,120.88107375294139
69.8369509695412,177.56754904267598,69.07221763055875
73.92867878483298,178.32254421918176,67.99205432628771
75.03686363474189,174.95730966276008,79.79934841420635
66.50226449167076,179.44109588876321,74.96147595019178
100.60928264491848,165.00671342617258,93.28368702823752
80.39773319633318,169.58241790463512,96.80186234291466
110.6615419839824,178.8476130636185,87.16033613726813
110.43914428175628,176.24524960513483,87.99184969112706
82.5877887392095,169.90327452843732,80.68198521555176
89.47685834053628,166.30907801009383,76.55309083891377
115.7452395251508,168.23313014749002,118.60327810435959
106.77518233893448,164.6684545594669,123.34145181339277
166.13209715292214,174.27517560360894,48.85790950520138
177.01753388790127,179.40816975919583,50.96876038573247
86.35205856683173,179.8307102605578,82.2394824511066
88.14392859440319,175.9132230066273,81.81197838278916
62.01413801518939,169.0855636399013,54.27785056278955
64.55504801902723,170.64298302329115,52.997821636481646
97.51179009153002,163.30563061289172,79.19126364361908
84.04346274287651,157.77101198558515,77.78897494366677
62.388606061336375,177.92043800414552,67.55558856944481
63.289509884453516,179.6838235023417,63.981069323448864
111.56714598064019,170.95948122472382,111.6764997071808
117.97496682540765,176.1529896185354,109.76442379383573
72.79627866402872,173.5014468586705,67.47436702742372
74.18022079999751,174.38282476192245,64.27651742989173
90.39343978106587,174.0214687079819,80.09006455864481
82.88236847846991,173.78416580622766,81.39037840619852
76.04639633318197,167.7902132326719,74.81530205791265
79.6076922430902,173.95079991518375,73.7102375732541
91.89990358426377,175.8854274063533,63.24056202367051
96.90603743158454,175.5055400632647,62.02141628689812
64.02617277482015,145.31506282580585,67.92209739286487
59.98813148046609,124.35844289970933,68.61169518639024
171.4923992908851,177.71769991998656,12.368734408569894
176.97618739706252,149.64709606154273,11.459687576674522
105.75063158507706,174.18838449299864,101.74395136594165
108.93975404701231,177.60293204594242,98.69617207259695
76.03818405487495,172.37212662643316,71.08665228063579
67.14920612410255,176.8185841682438,71.96171088203047
178.91701990783778,160.59497385378236,122.13902683072618
174.73728879513592,169.5736277260562,115.70218812706304
118.57310245408523,177.17255168206282,118.40458752233447
89.22052195662587,166.8420420485879,125.50331259880178
93.73026503111898,174.28285011083008,79.79102193055348
88.70305329875087,170.9021805723618,87.63671472716265
66.16121597437746,178.10579915295523,30.914890578878268
96.61226756974918,177.7446062299983,83.54964210285449
122.56904624268319,174.28063162861162,100.2449495667068
93.75962304818361,179.09712813262828,94.42143237452765
117.91115547444869,167.17691608255956,113.7986630360505
123.8202009501023,168.27120666482756,114.36625472788347
132.37281358718388,174.13539472686492,124.10868838957893
141.06194469103988,178.3135623440739,127.12358323284644
100.63922745503129,149.49063456396962,70.75805871577738
98.43473694502092,139.74912058291014,62.65094874924686
106.69288510268751,129.09869956990113,119.93099143681229
97.09430777825705,116.8912298594847,113.9721457904663
79.81825494825492,173.99865480111646,68.87231227284944
81.0882522509849,179.8518634859025,68.79933082539091
81.95399638396195,179.69892025989432,68.68436919297325
80.24554560822241,173.95099071909547,71.63695627897366
69.71624879486531,172.14050116654482,54.666901219065885
72.68802990524368,177.58943690086096,52.96432092434958
65.70357652784439,177.97788860848254,67.14536677973464
70.98100303909752,179.40892003348574,64.32271642396758
64.8814954401924,160.33285295055595,121.17831395017856
82.72580372446677,162.28051939109156,123.50698622109687
101.06263282357804,175.16798114462537,111.38404976779682
107.96560998472704,177.02834270166426,108.23419879950899
61.95803696099094,164.5102909094273,57.20049090046736
71.07937750920186,169.34126777354658,60.865074014476704
155.52295287620882,170.95801637682854,118.5862376555815
161.22838709460424,166.99566287299706,116.91271421473161
120.68310987394644,173.10680635738012,96.51031923759871
126.88429948338265,172.98366146274208,91.73363839041144
100.30693731528865,179.722398348345,116.18181925112074
93.30081148325412,178.82235274139845,113.53972449436228
88.93136856190853,159.7045878759795,76.03110428285592
80.50861838131698,166.82505253200935,73.55085760850255
74.07546600811543,167.52161163686125,70.18877871256585
66.67327070047568,168.0059105211709,67.56575899909336
100.44734265468662,177.18127721690158,119.45253123344906
96.11942915413599,165.68496183497732,116.57704318839023
73.6341717876596,178.6724038372429,75.26595470197954
79.56111636490417,179.5049474779548,70.2507254291705
83.69131008823864,170.17405373316754,52.79103708801651
74.39505578169134,179.52570037906096,12.26103600168319
95.99730183833451,171.81956816284574,81.98577923174642
93.90126071230026,172.38621696064428,89.64203400387214
109.87173275890822,170.88462431508458,103.28721407398587
115.28583301482561,169.29622298194215,102.25836338809762
169.68065730675795,177.29819806857697,37.06099532317567
164.3422389755693,170.2227528302014,29.474185000301997
84.59337025719822,168.4880081776903,70.62628495581167
82.59352127174074,169.37069049799834,70.71242120208233
69.01543369548466,173.45262428519268,65.46305925337641
72.39824873356552,172.30066496588037,65.05423819771543
72.4714301989788,172.2031475840323,78.36508165220637
77.74667968244758,173.209702803656,79.14067600993536
109.85248906359504,173.04778554070825,71.16918031636988
103.94032461011255,167.72435194366045,45.061632689644846
81.1522904602734,179.83278997535476,71.80680687433069
77.47682302071405,174.87404294427913,69.36020990138184
106.27860297131537,166.24499027562976,113.52824769518952
99.65224036342643,169.04469025358185,117.17615406309423
114.00987970500913,170.1872112345845,110.12090075733526
127.23814212049567,168.37338840639202,109.0776161605312
57.75350002916531,175.9388828546493,49.92324325972658
59.47963629140028,170.79533153956754,51.91305896779062
85.72731410164693,168.86123898195544,101.45720470232868
73.71317183232716,172.96718825775724,103.78302318245267
61.003479362247255,179.61381916210874,60.60407958390892
64.05522942397077,176.26897662926822,60.94790735554554
68.46523872142468,175.53913174804757,71.53506111687862
69.8983979460766,173.30058094287335,72.12597965534
71.52951457149358,174.87952113864176,75.01916693443508
73.83886840726167,178.88061871520193,70.37732565792908
80.12952981940145,178.86730525440205,84.48436624224206
85.9829166038268,178.90990185468428,79.06979211302087
54.51291706507584,172.80183206636627,69.4237112623174
58.935273002065834,169.17937022367195,67.62173089786435
77.54561766190997,170.64808788695296,75.65196413021596
79.23976479304446,172.86679146476502,72.71922538275906
96.44501702697033,178.993370058815,84.22697976093868
77.77504114795887,177.6845846546626,73.79732270697058
85.04458948648931,167.07468385473703,102.31464583289774
108.17002708903303,170.85818195895627,106.13008749813221
71.08083376729914,176.39656658743235,72.53946899950888
76.55199213238714,177.86526120705898,69.05454741064989
71.21259679649488,177.57673136980932,69.49409467552857
71.62470391622536,175.84103090182438,70.05542802753057
70.12150094748715,173.68965702534823,59.7147115998701
77.5344011306318,174.4215378360383,60.08051681057085
72.92092774709114,167.8676776936124,63.379231068231284
69.85077074514386,172.81913479126237,62.28147842433917
111.09114549790263,175.728764539082,100.22935736765169
105.32823072136465,175.40816160000816,105.72214409455114
154.65098972246972,173.79673951345788,58.602361138472745
164.09992913351329,177.83068302133094,52.50949296050486
71.10389787513857,171.42904146864018,60.25265030474302
67.65829601416044,169.41419996480377,59.62563980205481
91.92323700736405,178.73228794316984,96.16801104810219
86.59044662557416,179.78271282407744,91.43845191822948
138.83249330946626,172.3161492058239,119.59670562835817
143.7668782117006,167.96569841808608,112.77238993206583
65.93319066257818,169.99438749420304,56.12020855677014
68.59557068386616,169.9671213041484,57.994974834020965
117.06317672893314,172.54523816881206,100.86976773775709
106.8186554404785,170.50162990867776,110.32763956264444
93.65750560921867,175.2438251950267,85.91800604817188
101.13818409664225,171.22167453634975,86.87077623506609
78.48307725731617,173.5625389023512,83.31662503906412
83.06194643819663,174.21064429519274,82.68012788201398
92.35009538153685,166.87012579288466,74.34026905423444
62.95551018121887,169.71010649873716,18.335631833612872
74.28440815996244,177.47038842764584,76.43068691936095
64.29444673483793,175.50872502544811,71.17382280982079
88.23775187444127,170.17334710064267,72.42035120968953
81.53022490905764,169.23470257069312,74.06902904915077
62.64550731443518,173.23680759128675,52.44698270357088
63.95996249787407,177.5215583559279,51.552880081901776
80.65279763905765,167.16182056804203,68.24372345045253
78.30619617773688,161.19144452336232,67.80774866973948
113.95232939834759,173.99709831651327,109.7669798217197
113.87871759405394,179.0853028003372,107.50156465518639
106.03948264243728,176.54075489864948,83.04481127129543
111.45647302083589,176.2445657806226,81.25630905946757
81.48612184182318,178.41659993276636,77.51455138979618
80.07216337069792,176.06048789547523,72.24986650332424
70.12196507845105,171.92852114212414,69.68471894794743
77.37603341017928,174.49882409944084,67.93049195720569
80.49266865693313,172.60598180792354,60.05475281600407
76.88364203820736,171.55837713398307,62.73623450951238
86.48210277332605,176.0111756013492,59.61899380297782
90.16108630565436,173.47246130472357,61.6638364510295
85.6357474531749,173.34278436462782,82.07362656342605
94.95893077593699,175.5278254743373,82.30966993998152
74.97314148812217,175.29647556796763,77.612969351429
80.34998793600846,178.66353680383418,71.7866534364477
88.31296086456018,179.90447760150334,94.35715182972656
97.11306284743978,179.31520577652103,91.11200390511262
74.57538746249648,174.13448208285337,72.10894227389069
74.24019008821777,173.80211765652098,69.16551622712905
59.006381228729836,170.01031706748444,51.51032348127563
58.857157630469665,171.63985990421807,51.53651563863805
69.39539643711088,178.14647161448232,71.83816544286618
73.11330370057978,178.82098659244727,66.42284249056159
76.94825341619574,174.85361676256014,63.60749257750756
73.9359715461469,177.02317917537724,68.90948567312138
105.73484459152314,173.8303031513268,108.10608367628313
119.56229832258995,150.75388007178498,107.63850695746343
111.27015763626585,175.19310620458512,71.38970676861662
97.6608421333665,167.58923424156913,70.90918240984439
99.01774202914322,175.34158739734394,86.60694465016871
103.96404940633374,175.76947287297975,85.36852166662125
72.3026037917027,177.85941897909103,76.23200062330692
69.12658842133993,177.98019877541057,77.52620817492127
134.40909077956775,101.69877771022006,117.99228123867852
123.28220077798323,170.2112559962592,116.74399090021414
112.67338866645142,173.28325439912186,100.96709523890976
100.47539852863537,173.52642325585114,106.17416302173307
109.477350444418,158.62814505846868,117.40500015376342
120.99813691737381,158.6054426029021,106.07748877822937
87.53814833085383,174.02004860177183,80.12301920740622
83.53426023023275,175.32162047166946,83.90256865320733
66.61875808646063,171.79695875683151,61.81299194988897
79.05744294811971,175.90991403495212,59.80272355213927
118.1087711278679,177.57579627946944,77.1821370263483
103.62350629136425,172.96095372216385,79.499172781286
68.02237026382872,173.31354813943332,64.52552797138267
70.39780485240425,172.61145029911592,64.03366952964629
98.09507285566028,174.18216843586524,88.24632770015356
88.32723974146829,170.77676973953115,84.40664185946602
49.26445572932583,164.56829060650864,53.71645671427618
53.46826731591974,160.1334503601019,53.63534848097156
95.64126974738349,174.46005917529735,80.52460100106742
94.05240110527257,174.05624642173154,79.71683284827185
105.41668600319903,172.30161245704224,97.2066076353334
95.84864674242522,173.8805591633707,102.97936273574385
70.5141734315416,178.5755513117038,67.57399710179803
64.211830169118,174.2850481772277,65.65361242912275
87.47786552152134,173.82341204348282,77.65297006976932
78.53353008990942,173.9790194009892,79.79231839694651
72.77263119888734,174.04330938591113,63.93264300549456
68.96531310117095,174.60038340360316,64.65633479110342
85.48009671326997,174.63956760800855,77.71804134761913
82.64877581946992,176.84555925981925,77.84340969797184
65.45071852362312,171.55471740983057,66.26867468354651
68.5974573245562,176.71855105983423,67.11433902775003
112.14948203912611,178.24853586596072,77.18162951979275
105.58306394970676,177.89119385002851,80.08439139441651
82.63826879627806,173.52907829065686,72.49321246751907
86.58717564745223,176.08684243209797,72.36500920463807
91.45166496771179,175.15687295453802,123.87639939003891
104.78890714505144,175.59227041082968,123.07016870931456
108.86012274751712,176.04822812049892,93.67195637664298
98.90561490638108,175.27597162400173,96.69436710413368
98.50873441595958,171.8505301683947,80.97378894892069
82.9473144687955,169.09468926821344,80.69212919818034
74.26116184238677,172.7641126914351,61.918331284938134
69.3614254082023,171.07478877598044,56.69584036527424
81.23369974545534,175.31309165080614,60.892777939403295
85.29983703250761,178.22653672426242,59.753902363203146
99.07669721773118,177.21660949184616,72.22162459572226
95.33542823007576,175.14524835606807,74.09339782066758
50.74772661757608,165.2737907334055,34.89694107769461
104.4228427031775,163.85373502609787,106.96215554012838
76.72089816444145,160.3769875573169,130.19832942136034
99.55284635473959,160.8645436829055,136.2555411959415
106.88058583647828,176.0201320230256,105.20173680494013
111.78122583916058,176.2080273548925,99.56143744302516
105.61598731022562,172.8099709011611,102.18814515088906
106.49386550347646,168.50828477710706,109.38629991814963
87.24073200460504,166.97187333794145,103.99568717021818
95.04803632900058,163.3812985560312,101.65027605690898
64.74492769998396,172.15932407207342,75.34150624145593
63.64633432737858,171.38279441667405,79.98059634993974
71.0661952662755,177.13806437795319,76.12606228088997
77.64460862214443,178.95927353592094,73.69944531085156
126.75499937051387,176.21359926021324,97.29900347967157
123.07661748069724,171.57315048070544,98.03600736229515
79.81614193442965,177.09886775647055,71.87297029398722
78.4221832289866,177.00332601501586,72.62131889969311
82.28206006847118,171.88464414450897,76.36897405549344
84.73951412583739,173.86210577377759,72.12258919654232
93.64523777312309,167.73935976247728,103.94068780923008
81.6252266285124,172.66667184190857,106.8290634379275
71.89399613558047,177.16915548249855,87.17851133286912
103.13857394588027,174.4997880857744,77.95184579405023
64.12220236984989,171.47231286704377,66.18932366229227
65.03906173259611,175.17942592322376,68.90992711239538
102.1252350386668,170.76973222478895,139.30531310342573
108.91111018970494,157.0838057542912,117.49380658367755
74.0503215912314,159.35536270694303,127.00936366926402
97.911701787235,162.88999591571155,130.1332658087217
91.37904401969493,175.6016042204809,76.71639751004088
96.79074314764253,176.3265448852572,67.84995027446745
177.5437820714318,157.257977567654,50.0671686779245
163.2427908197861,160.9536856949017,34.747759030975644
66.41733556967708,175.9640868079024,52.656616931403
62.9726417837545,173.17978023761924,49.297674494427966
97.86682174299413,173.83377812244046,87.98457633108023
97.90949459121843,177.72203186131634,87.66977354879538
100.73334172505234,174.89499315173256,112.705844906252
101.7097283310962,173.32843659139928,115.19689199566221
95.92669923682041,174.84921283248505,83.94034643649016
102.22569002043082,174.81478037004715,82.9299484497418
87.5938454189314,179.32230995661254,79.99533583105877
80.75967533575496,177.548321033381,81.39943205845772
94.48613785847223,172.35992013802925,89.88155563508651
96.37675129248657,171.86918665762124,82.9672505738726
69.81096393151618,169.6043896578376,58.76035054092544
66.2803772276565,168.13063301125138,54.60018008971701
94.12602923178187,178.68684816383345,102.7237709333209
78.86689908713952,179.6161752326665,102.10616384406865
76.38271410572288,170.05928810977872,59.57983332665893
74.05195667622323,175.56964595552225,58.73347318139911
79.41842861583565,172.8925256380423,65.02891227891008
92.68965341435336,178.66880657352306,70.98260154090006
150.631717074973,174.27909082094797,150.22949767059902
143.31079344436804,171.97011903211913,128.18643083553314
159.58096448828658,169.68608345179408,85.86789001400115
151.01085834888772,167.6138348287522,73.44143943276865
68.4053791501332,170.16506802843455,60.636934306159034
68.35697316725543,176.0652108534586,61.33887917908448
100.09624326028076,172.0231858389707,99.60131913536941
105.45605568096266,176.2233372623958,95.37548990937705
101.81653504026698,176.1775078311149,104.31867442390941
91.4795280988979,175.10584778936916,103.45603099018712
67.54341741052089,178.58765692391322,61.67643949402743
66.29259337925743,174.23951091003968,58.981297325933745
79.48900824607962,173.58296707393765,84.21109468390856
75.42283240459909,174.83021503785352,79.47433141932245
145.60677036641562,172.93121485214007,97.78837836572097
148.46520396865247,169.58041445434824,94.21199642531997
71.56234073176513,178.13651733735148,57.60663742054897
75.77073740797479,178.3142091878936,54.967120947393084
85.82140371699722,174.8712781720146,75.25345646879902
71.88664851457062,173.92373617743365,73.32570026604643
58.13196348374832,173.69151273261082,49.88161709563999
59.73297724306111,169.69890815995637,51.81947619352124
96.61970267653885,172.92902770203705,82.72816150688115
102.82340073082992,173.38044911923873,83.0537086769077
86.9552547405107,174.412124654105,82.34426341243501
90.5603830811237,175.420485008193,79.15849647833889
76.61464875519543,30.884357669955946,155.76457312844647
41.39822252706852,17.821004505227027,163.7930212929586
92.54198973963236,173.62286265195524,98.38633989577045
108.38734880899267,179.81043849071162,95.84179362144336
57.45528397766167,171.7971091126416,69.92320036432524
60.715819286537965,171.92391748103782,66.65385632030703
135.3601270579588,172.78018680357383,102.25970326293464
136.43115144238928,171.65974700946262,100.69252394986063
55.990078956535775,173.72902286667647,57.75202623473858
58.44957915703926,178.03822144350934,57.661356049800496
73.63525047802275,176.81670015416296,78.41146375810413
73.38500595597029,178.01124289646,78.95056711847197
84.83555691057008,175.16653170647783,82.84408150978498
91.03129501236491,176.0364952244599,83.76923577785243
61.16731652800951,167.8458844745654,52.724934740281
62.65992007709805,169.2352569416061,50.874297045740114
72.24346935382282,172.6596620546658,97.47050716407855
80.21497601684648,160.3001684349519,98.2621854716407
112.38467335490743,165.93372575960117,93.03507118146962
91.24486431847201,170.3972278540638,96.85163462837266
87.52293035193368,160.43674593313494,79.13051865041011
73.35084938118989,176.29030521620297,74.50673160644745
148.38299165515093,177.74253808236617,49.00582053337762
144.87707195998232,177.8502345624596,47.203737532218604
76.94250641370468,175.3397293170522,81.48978728187666
82.45371247448973,179.70953696962508,75.88858716758938
