LEGS,HIPS,SHOULDER,ARMS
43.69047722368328,177.6995832897394,72.91871518181608,144.50381484873685
44.466126293121086,179.97481753680051,70.19369688953168,129.62088341832813
61.22053958271469,143.66229810309378,59.30331786810109,168.62526509064466
69.75938216679228,141.80345694508605,64.17553433905499,170.25697103878318
67.04049839723537,177.861715152279,45.491088376880036,57.759245323983336
125.07991795798858,134.98917821636888,64.13415103329227,70.60781591834125
63.140730305189784,153.1788202622366,60.85196570265197,162.00366966306652
67.37398437726364,150.88764205032828,70.7487710482971,163.79062375637227
70.38695655659455,125.25873113895176,78.3415095719368,173.77779669106397
75.91357715127819,120.77783584575766,85.96297876740061,164.13092902397204
43.78469474474429,178.58976682434323,66.14425260753833,100.32421851859213
38.907064316664794,178.6620436026793,75.69946002210405,83.90715656245943
67.50959612666769,145.45414624237483,82.914954406668,147.41977044584473
61.346801119583176,148.4469890670705,78.74896228091553,153.0006157323655
61.16013696663371,144.65759990651125,66.62958132068071,173.61736398174358
55.41011085701858,147.23021997631244,66.60822676317979,172.71487675906795
174.61189182022605,125.58600366759627,89.0398802213417,178.25956235110877
173.8937630381772,127.29251980105265,92.11707932825084,171.5186262631331
98.40329019399705,116.15811393014222,126.64577148055922,78.68267510918574
116.01201944343205,100.56106668987503,141.4456101730304,94.61333143470324
65.81513875997095,143.19039516218731,74.75458108011873,156.80923257825663
65.27282639510928,148.7232053404289,76.09510811201022,157.145802854059
49.70127869868551,170.57749569454333,78.44137533193884,152.6351609462892
48.974773572336076,172.09286988654063,72.84699143057776,156.25120584279617
108.23185894566532,155.61851000679175,86.60440365736937,174.9905103878795
108.46065887539334,150.86574674258446,92.79001168880892,178.45684707775325
30.521233453854972,162.82149954247382,61.4181699474679,154.75259895522578
34.93890939354317,166.3029191602581,58.734704302711634,157.67342672390424
83.28848777092294,161.88125106990248,86.50538086312895,175.26579556528122
61.3302469745951,160.81924041568226,54.555746095740176,139.54789145600805
80.51812310052567,130.3542675626871,73.62729933703605,168.89944490166516
86.54606607747242,124.65320315816203,80.43372499186358,154.3961378657056
28.80991907198399,159.18074406354808,127.7208263832855,132.68620015407848
25.223708125887995,160.44407532308867,129.31840282291688,150.11526438933888
68.86883517913896,146.58245831314537,67.80083721486591,177.44874175565747
68.0650491989194,149.9509972376681,66.48013391932489,159.96763421668928
63.12834165511203,146.72691659311985,76.32874103572159,160.60411507397106
57.471301695112075,146.56470901454176,68.18697225635104,168.47728767799921
36.335682815179666,153.22035047009194,39.64581360212489,174.43539198612336
28.95828992378213,154.73935035944524,59.29215009103461,167.93547865002554
51.16135721489196,171.92703348325452,63.328977491709054,164.83232296269694
49.250861718870645,166.4302770482059,63.35566926906278,170.33598553371877
56.61458153616731,157.35786620560432,76.02643277614403,160.74205898166656
50.25148957602277,160.00362210130046,66.90946793721412,166.5309320031851
65.20262058100487,149.17573018097508,81.58196723017647,159.91944707454064
64.97284419184342,150.29478308736574,74.01590304692178,143.1158010730739
60.15244011095435,158.9180078327274,73.12137628027097,158.33398483418685
49.75429892464556,163.82354171637343,63.51845463845749,167.72593732453322
53.19368918457537,172.48484651043566,27.80418817010366,158.07013789661008
43.26050525696094,174.07822798516128,54.77229723347741,179.52880263373066
47.166602736355564,161.40330080940797,69.67635568306758,166.70950338116054
48.65698594918665,162.6734960350034,59.30609672417461,177.06249156749408
22.00814784843818,131.08638591017817,8.14578154360131,173.66436556667043
22.224918655541707,133.2104395059691,2.2984893142324307,158.83960805745122
96.34859019620082,100.53854137459913,164.91417823241093,34.44355204723435
111.23369412980506,97.2242124207917,178.53672441903652,62.587899938765986
19.242039621243837,113.73246321060063,53.02826348178996,144.61943646177463
31.483164978175957,125.07342728211748,43.021867622962475,136.80297604140793
46.390590582653196,177.43446624462257,64.30558579132807,167.66587611279266
41.56189113674561,177.95021468042933,72.07068788201235,159.75818631378468
45.33979104192216,177.32051723970238,62.5215672838566,175.04686391233852
53.54123067826105,170.94931786902637,62.34507237388692,177.54896890674817
72.22012752060692,149.88769720283716,65.84445853574812,166.38460502122868
68.60586214220987,145.07883918079833,79.24780515702058,162.1456926913228
64.17776073543243,175.20755335016725,60.54054649625698,170.81862812775327
70.95253239271614,168.89252288135202,51.198404886675405,177.36176034169054
53.1973451457467,161.82730135552347,75.68019846476756,153.89737503900977
55.077754270749466,162.42051565753582,70.82469701100229,179.3322119367416
56.20933157741746,171.78115740417337,62.557036227079266,154.18911466032503
96.8659745539246,177.34276372895104,15.15302631992905,177.04197044988172
45.45644191807437,176.76776486217088,68.05124892065288,176.53240180172295
49.63781474761564,173.79423426257173,56.51961423383267,172.58098149224716
72.18543183147904,137.41837535412472,83.51736351362814,164.61376441257502
73.36711357583938,141.44609690225613,74.01292788202585,171.87636529549772
33.392365428968354,177.93801893170632,12.50258420662167,168.0372243341182
35.924102549367305,162.65052570135657,17.11312599132307,175.05846004709736
60.8870481052073,159.44005007760254,80.44052035259683,160.15682964939631
54.50224630655787,157.19982236083388,72.14923768582427,157.17079768582752
54.87664119320138,159.97333763409978,67.64692439798398,168.56924674885056
60.32156712834691,159.18197784231455,71.56725465382317,160.8641461923943
50.224374816888485,168.70104126265852,65.88049390195432,175.90083579135896
42.502265456894314,171.11893898845665,61.17529375668813,171.80847165552157
76.19725098451829,135.60002820138527,69.8506174241756,172.37868448725092
89.02898220145812,125.83300840834761,80.56754987247797,170.22007601081864
47.51948290140752,167.75736598837537,68.99737982651737,155.73299814569808
46.78849457092013,174.2198131379072,72.477776301402,123.19360431180763
72.06430083724103,137.1913634572372,69.8429990486717,168.02374123911386
72.95739126122923,135.3489995505061,67.86381213733837,162.70580508840771
44.1170834295876,173.78954045249438,68.69612380635655,167.21301500890448
35.493296573661,173.427345266886,69.59332551520137,172.6528990068243
83.91064297147905,160.39991031787469,42.29319557552993,177.3149855533922
64.25865285643758,162.62550369681384,42.24747574772101,175.87753903265425
71.42745319752161,149.6390405680889,65.0316853455199,171.0460438251652
64.67769996937513,151.58682055936876,59.98994217794627,170.6237875198406
50.606746972222666,166.23533063552733,77.77191838693807,163.32393351370317
47.12293365637646,171.46612394681594,73.61973073483796,152.99718147365374
48.260250967670586,178.12286949776004,53.13029897511949,116.0437318756139
43.718658318575436,178.9610215139225,68.03889735588909,90.48962001029174
77.96543789902961,133.32216817916265,63.97679318047494,168.94312670274556
83.01414322622645,133.07155965649824,57.321422051094714,162.91104634261865
77.06067269243813,136.97174988023949,79.8515145339448,155.11991129200462
75.88884946192441,143.94729120019588,82.02208456696349,152.46811758048247
73.26712968276445,133.83966554148927,64.2896737111397,173.7018663038755
78.08130111790199,133.57922645873168,68.37826881784719,166.6725143930984
77.35478202202289,148.1079873917775,68.80185446071056,161.77492918500727
84.32309452057855,143.40955149883544,68.1345836624788,153.35146070372002
50.33796651173484,179.0037009268445,33.34942108270422,164.31897129076447
45.632491993307326,176.5410244669996,50.65448155431793,177.45546100570635
61.29752193655354,158.07104902031946,66.27473910361806,151.16349726379295
69.23191507095521,155.22988005740712,68.02010407183212,160.60808711782613
60.498062291912795,175.9404190408499,47.406192671450015,167.86025050597254
54.35349128742412,176.35988032297988,49.289615778567146,167.64259200033098
71.4079087617628,168.01090149778557,32.184853123077204,170.86608721383496
72.953272320494,160.80215019079253,33.013199431808616,175.04209391035312
109.30775135048674,167.10677092291346,43.42090689907224,179.74229266052328
120.38094891794768,169.9490992997218,32.336940936286084,170.86409223656054
91.20340456724377,114.9256458484881,88.85938198988651,177.54862998526374
96.92318993406148,113.00212747212977,87.70867518484192,179.24960087028234
61.406995499509335,169.32131206574834,44.1553756967423,179.1442461279562
52.84955684318194,175.74816267320188,52.67718441994632,170.83765251979048
62.16759828938315,154.9889003114476,62.08065774604817,161.26221005966744
55.42215702762593,158.18856924305032,59.62410390180704,158.34890736734928
67.7320897909662,157.24197886727276,51.22906831753257,161.7630627692736
62.803544194903964,159.19790038760743,49.52940325013268,163.8768509483362
53.21058837487607,175.40401669653895,61.52411567561639,101.44230239467666
43.542909826212394,179.92972733753865,79.1232174376807,78.45999331453878
50.40473120546555,169.2671387534762,58.593290020129984,172.5978413843099
70.66490981873127,158.6702342301641,45.38466232935655,178.67115837381445
43.41775110888858,39.80473576692244,18.02901122770439,170.53702944086302
46.30197395704987,47.20749583348394,23.673577526321623,27.894056410628938
114.43845902996586,164.19575267669697,61.66502659432362,168.57477445184543
116.68640786083014,165.67227241235045,60.03739318959331,167.14620125128957
75.80520552635552,164.36886545840505,71.33364618602256,171.434744381393
69.4842411786604,170.91809669914025,72.60961718273892,170.84009694766607
133.5586677542427,163.97691966582767,45.46019836690921,144.9392426569935
86.06180938858654,171.29777346265755,73.6314692190104,162.59636833005106
63.713573250946325,171.27964768390743,76.21678891631593,166.11764282539085
59.19556116651052,175.39128381065103,76.1536003061713,166.11146369458302
152.8091137393385,168.27106105037964,68.11557311503134,160.7543604848086
170.70602449880627,166.32763767563958,57.64500595405394,166.13097516202635
57.26518716123631,156.00435126675413,52.795829232954304,179.845782498269
50.71390018559868,162.6303986023892,73.11107046256183,155.92816303859246
88.64962904528284,145.3062702504788,71.52048213863273,171.4069471065352
88.91202278401981,149.5253713699303,70.96261601322989,169.30560932606429
45.17263728462372,173.10310013708423,45.11047615368547,175.68195334514948
54.09741213662913,170.5996780991325,30.568511394234342,172.2428120117793
178.9826583434141,140.18942236522759,66.5837211279192,169.30607244476838
176.04895467700996,146.50435912030702,58.50165781570405,175.58473845247357
177.62878890483304,168.14495177679902,166.27361582810772,177.5657582216895
142.55960314173763,168.62771773772897,61.22622576073445,167.58537518036002
127.10918364794595,157.01519589648893,36.820428497650795,168.23723477929332
91.87042489244484,169.73044011849493,44.914692245147116,170.43704989808182
51.67726375104632,161.71803363114216,62.35486236080484,162.67578587283649
43.493351865798346,164.07212206478542,56.132939092868796,164.0022835844307
55.1382872258761,178.55107401298034,58.48367476780583,175.55636652722092
51.752566160985296,177.50379948908406,69.99940206176446,174.1244819518048
72.98913349875332,179.36699601197225,61.19987938012383,170.79698972341146
81.35188532731009,173.4069040605757,53.16452745892633,173.7398741969659
35.10122633912288,171.29121317099924,58.350951209110974,169.57130515651457
46.09199274093362,165.33792244895972,63.70675140806787,158.2756363286218
79.72084096968682,177.32614436762702,79.31432676672699,173.40163110310192
65.26920353296619,153.28627484134904,41.76459616211838,138.93037786216513
164.28471001021865,165.3526141335826,61.025943214525356,172.67772760067422
167.2740094449413,168.63123419399818,51.91014462885089,165.3129453684775
57.50054009103157,158.8111566450961,63.43649143390602,161.50136141757787
64.94139680256838,155.54062096498956,64.98930796837222,170.54710396448093
53.46083726881032,166.26032287953734,64.0217705475741,166.69110538134353
44.71669553308869,170.28373937882313,60.232902249734806,173.7672993633252
105.85134478125279,133.47712267833813,27.375171045179606,169.88922383895456
75.47324252950125,109.87100765286027,41.374032973013776,170.74402303242096
38.3864483835876,179.8206139042162,27.38289094924999,171.22496900193607
37.07433610395127,178.42371823995336,50.456751708368344,172.94763295619333
85.01408109097417,140.46400503103519,77.77428217657508,173.63018750810622
92.9485888312687,140.71118364245194,71.86678642674235,174.73597817197586
46.46806212747146,171.36412444088594,64.65725767615544,159.13855522951485
49.977649880996054,170.23491197256277,61.26967333326587,158.39187728563388
53.007690020719224,164.59754929674085,74.95802499209901,155.8375084487228
51.91695192001605,161.80055149896725,76.11106740963328,164.7200555044271
98.27175112240663,147.7419267311843,63.52904620990307,170.95713308260954
92.48347140513904,145.0843328416053,66.42730313267674,167.22059528761343
59.51431741341919,153.04285895359166,58.35696622556848,149.03036078415286
58.07666916631638,152.55799468814953,51.927687202387446,156.07466768099215
43.52130995788477,163.72059855985336,37.849946582479156,172.91375095979998
43.131704855733645,165.47597639765945,40.84346912302412,177.6843235843506
55.71032912772266,170.4085584377994,34.094892923937444,169.22038748207993
29.295649118349502,127.13279882418644,31.722993334612866,178.50653857344358
53.72138360080182,178.03987461489498,21.689380274818152,167.5389774872931
82.3727155683712,167.84960507771112,35.599421318274025,165.0006672378206
139.5592484218344,166.977879069886,10.37527249858072,176.2185899245238
80.61368211868815,172.73484763470404,79.79880174832311,160.59473526761417
68.30634005689528,173.41404496335886,71.92007927795697,174.49553969571681
82.71028655141649,166.5676668313366,55.74616909740746,170.67909450006775
34.890024437594185,174.81182672050406,58.00066589527776,150.05551285849907
24.0307366791721,168.93786454851713,69.36559784501083,147.71026006578805
115.70598891599771,150.08396470006542,47.350760436478936,171.1421626905246
105.09658665800978,138.8337651120147,73.67007617338209,174.46665854511903
53.83589595904004,148.4062619697734,66.31666358762122,157.73815994381846
59.668924068064086,149.2108870851066,52.17865453189636,170.06388032325768
57.16813628725999,161.88657743733305,57.203669189333326,173.00550203705072
48.85248006232995,166.93556415176192,53.4781939207668,160.1809213773338
101.06224558165121,124.65059540992759,88.2142678309703,162.70583242074636
109.4293010040721,127.40894201087501,67.51316992742017,143.61370101713447
90.61842033698139,125.99239787628608,70.82691612756227,172.03308042979668
89.8943153769647,128.0897112063428,69.35089946669213,169.84863359300684
78.66908812091062,151.5074332611525,70.69979718821395,166.0952496272873
72.10463735246464,153.64637955633907,68.49380947340609,162.39503539230822
74.92138733154057,132.80894258576123,75.21397910160971,167.27280583973743
70.13059789049308,136.72371780551828,73.28537651724866,167.15884698487844
47.95581871868248,162.63337717007957,36.42607802135495,177.75301442198068
32.19965849185029,170.9337138722866,55.55562260606335,154.42021700820098
64.14341599790615,140.07090833364762,52.00110124563474,169.62788560415245
63.98466717150028,140.2615992231454,52.75368806592373,161.4147526159471
62.806542726037684,154.1709396542994,51.29596510599721,167.99135722269077
42.211570676778265,167.8397170014491,48.484861658414744,167.70326067437594
149.35678445519295,55.13856038724536,116.00891334572181,167.06068707685847
156.6088546616956,63.95062171403596,90.40749465095938,67.67386463407139
74.44079015137419,159.608927301375,70.00197343624467,178.84805961533652
58.214750587719465,164.49902243056601,65.72254594393588,179.57671094407397
57.1751797753277,160.09198318036235,40.23407324457446,63.20110362939928
33.41513835119939,115.50276490791578,50.003012516628246,72.68004542471269
72.01333942330616,153.47268198713854,56.45964108370225,170.94843688926144
62.10823508151822,151.5067478654422,67.84246847052907,178.42849499212423
52.93573718403577,161.20096376642167,56.33863664072141,167.29615076379952
44.0912093527261,166.461479876057,64.84873530095922,148.50125065854775
76.98001803094529,173.62348083801763,12.71409838733191,173.1470401612011
43.87677500081103,168.00012671628656,22.268814928483632,176.6169114662423
161.32730387704765,147.08978885407205,10.238408208725353,172.88540749853846
160.8025108945651,148.1080964834904,165.84046456467587,169.93988546583336
124.1751148069778,108.91031788784844,158.25097119058074,69.8611050208534
96.45833949940378,117.02144067859189,161.90134369445502,71.81525922837724
44.44982258143007,169.19241460945162,53.4160708939923,169.31315911912358
163.48121447085492,166.82488394588603,41.04528903486034,176.69826592894432
86.64819193732546,132.127438464426,70.1632592882334,165.90952571255235
82.20451057853647,130.141664465314,69.84530494599215,166.82520092166226
99.64085306173433,155.4705055707911,58.12237074078918,177.69909781779867
97.97230649792945,152.02015555168168,61.07408484520596,174.9703270334025
42.11118705122897,163.2977384830125,51.79267462583125,162.34861488715785
32.19880191714609,172.93037439304177,50.40447167641967,170.89759128211838
80.09714873361102,159.41005024339242,61.12688430648262,178.58031484311692
68.55131194129058,156.48266435334338,75.29367023595853,171.70840621613326
107.47059373002752,166.9882182331458,22.65577733074439,173.68376554470944
56.54352320489071,179.7793390170291,1.0570300812973918,175.16677174298962
108.26444508734795,114.49010571731371,90.71351614925004,167.93233464748948
111.87470188846264,118.02332141021519,81.92324263944676,175.3169240411578
20.637795416655894,160.4782559511922,50.78135591274517,157.6461713411
18.354132813905895,132.83204227420688,45.11998870034941,175.32147331069208
71.3322732049139,163.71956811065675,83.60280273406951,162.03508644407017
65.61487314033009,164.83625043125102,80.4873987902423,161.15943108582456
104.99852805847857,148.37072810920205,111.12201228537953,172.3609646197296
122.73920457595977,148.48583571194837,112.26635520833821,176.19643959756337
173.25138173275909,169.09484899613503,44.48283153374413,173.97796590668042
178.29614547721098,169.768613871727,46.37184071244804,176.50624723486882
128.53346329691578,137.30414072814256,163.83470246026332,58.31942279533648
117.79790999342646,136.48548321529424,162.13910474247123,67.49916861912828
58.052286872393836,169.7677259503308,21.75991077045811,176.68817050626484
71.92309765883809,159.61063768951976,31.1309162883305,172.95497789711783
118.61999146582959,174.18074366514793,4.771583417505269,179.1956252437551
134.2589025828982,161.95535926335123,21.895557061768898,176.0376133409512
70.15461296838197,155.65053819754556,82.13914397480079,165.2678837886181
78.3910185161212,155.9853875592961,84.17465762685157,165.5127103756528
81.6463623554562,165.69779744148718,34.98906894507758,176.98369874322952
74.78492352594114,163.6575942276239,34.38588290465865,177.08973266718658
32.659768868121944,147.73867159030692,22.076800951389597,174.3290109008867
28.89142907060489,152.9964853187107,45.35476356349375,171.91607455246924
58.60614779408887,127.70965979107982,15.524290731405562,150.70906994245388
52.82890810364039,125.70585365678357,15.051570199434726,150.70271974398713
87.00821291741987,153.64070213487807,68.37000347681118,162.3964383866196
80.79455193965455,153.68047005345568,68.35923678849207,157.0362106237318
63.42529523408856,164.59823833233227,60.7370168784189,179.99252148209604
89.1025464671626,146.82685786950444,57.005317863188964,169.69093333724513
67.41009254981728,158.3869574946626,31.077819507475848,167.40505422969852
61.74495125202948,158.50105441227814,56.86042278629884,173.801395088178
23.40962888193331,174.59669419723133,19.875311988077765,176.8365225925494
43.10669903875753,178.3709068250035,17.919610480751416,169.77955965823634
97.77173118672783,53.49404311713533,127.85582434352102,177.66581910535834
77.67294252664459,50.4554276236919,144.75347509308713,175.48226183638738
171.82620347826108,105.40798152342256,97.5238084915826,176.57266961845036
172.24211971137018,104.06982250188588,74.32488409362702,171.276597177219
48.01237677711404,179.35033220382974,35.38279845222723,173.34393892563685
53.15801270635287,179.3268463900886,33.279660365082606,178.48170402163248
49.82605369138134,160.31123133666077,46.28379409219956,178.42184811294905
42.04334459878064,167.69341189002026,60.64032489377365,176.03178056057064
49.167808176445035,176.90114434433448,15.362133394018919,172.0245819683476
38.29259062115104,178.52558065729752,43.713134780686154,171.80040314220452
108.30799898597333,173.96543746554696,14.442539505544543,174.93123387528007
82.94609731282146,175.50158265518678,28.743361764128924,167.35271189521413
40.434648437966004,179.52918119283655,7.214241097316625,176.38319690310436
34.56949052138566,173.9067268048271,18.969033261166892,177.71571231677183
59.49690408924587,178.63752041460452,61.391471731992,177.06832991064275
53.58378620879566,178.43034811562814,70.52722265241101,172.42001276514563
178.03850403311557,127.05449110683483,67.9554285003311,103.19874897662429
172.1602641035149,118.51083133202489,80.66564484847675,175.36468072030559
70.56246560738632,179.68828058738382,55.711616536937434,175.5920590048551
81.76781399172705,172.89791886479682,53.40673045626446,175.73874890996893
40.700536317242644,173.82550844344257,56.96333122609231,165.12190994715849
33.087840287960034,176.89902737354723,49.23356078310724,161.02187144742342
72.2566340149248,135.63565281103865,61.27792416145218,174.98984958245734
75.43316562484166,136.4631957551812,65.53434155264887,168.3500348913048
67.1325713661842,153.63017320094158,80.09287937766322,167.164556810592
69.74445629363268,154.07577876500565,79.05966856852797,160.39358695531206
81.874107039064,133.79383493973856,66.7436079779921,166.9926934699745
76.5483682326637,133.55947097224177,64.75174308893878,168.10653567503346
70.30676138225347,177.1346501745719,67.68559451639794,175.87364014112495
88.09467386902496,169.18273465811927,52.92167590896821,171.0370065198432
51.26544761756392,161.22622363055856,66.85261453937602,160.37469718436498
44.625672948365015,164.07035712942127,60.4945946042321,164.23418881016156
19.44993132272323,163.46644961323543,74.82654143401744,10.103520675949504
8.526936077567317,178.50363734637716,78.80631738811377,73.74976809239051
41.20394703787861,110.64566088045365,22.930624380923497,105.53870247686436
90.67675740662519,103.57877705815241,55.55834092697316,64.85152291541151
93.39174261193357,127.46999450835393,97.88834265300835,136.3358949350647
113.30048997518136,114.3253568475768,78.87727452632811,179.90256868393345
119.01751622581234,108.78214112595201,81.60181810787378,179.6014836230347
110.54648174598915,114.89584121270701,82.64468308209985,172.20297523750637
51.43112044776239,160.95949905374707,64.78230163800553,161.67420038059106
59.57555948384023,160.60018162452218,66.71851983102864,157.83615767490818
59.039563142234464,143.34090238937844,53.7100042890851,166.15719825858812
60.454920677077,142.58025204968538,53.01205728475333,176.11652784799716
48.91807159146139,164.55305997553884,59.24748678143902,171.30373493574965
42.89608584212725,164.24646891962647,64.46576585674603,163.27463119689168
54.13297037631737,163.75143885982646,54.725296022226644,174.97855209022484
51.003458354626346,160.89863083286411,55.68035529689365,171.4135082770904
99.48719509870331,68.79803222945026,3.6313180799540032,114.23868054660778
51.9607984231844,49.46513818703134,23.604832836921673,114.66918074426722
78.13800299709469,150.18248500918227,64.62351933411554,157.62293097705106
85.98683103854692,162.76171401116696,15.773302019466916,80.80594033208192
82.55577596656845,143.88600198729898,47.07012404076795,171.27476066361592
67.61750058370002,151.1960966772651,87.62854368587733,150.6365602343535
101.11196325132512,144.85567628889336,63.11036051916079,172.88864431827682
95.290656220049,142.69937337057638,64.70729439916568,170.54429223836402
49.04074084657225,174.49453068238512,42.109634515541856,138.9177794954108
42.24724868689146,170.44061541333468,57.013133691524466,163.73446263587402
117.89220083545393,123.84913574165095,36.66166633877572,16.75700766910886
162.42648521440069,166.10886900964974,0.5025507189984315,31.38825427111454
98.95320103176165,112.73756199068495,78.60640808128971,176.43284982388892
103.72037093236865,117.4164434438715,81.47325553562337,164.41825999913596
75.05775660566546,136.77624460926054,82.68125611815839,166.0637870838907
76.39679099203754,138.0687339799317,79.4522666393404,157.15419459682676
145.75447446752514,15.532315273516858,28.526703342693498,136.60068212481332
174.88772313666826,58.64988481076915,27.47961655814794,144.75539000865984
79.96816770640048,167.23724290015403,35.333620723449314,179.37981317449993
95.59344290739627,176.77319449823744,21.766334417913665,149.8490909314014
73.58767404833004,138.88211539809092,153.55223807631322,113.60380761917347
87.59669891937835,131.9076200659096,165.80275253556673,120.95313230517928
7.202497726258502,61.84397894769147,36.83924638808806,167.50419131345657
7.273778215968207,64.78110099313568,31.999959688749172,139.29470849789172
41.95190414671415,158.9758273355492,46.04536286795466,171.79075293761926
36.73431171971089,161.33736104842393,46.33938291298528,172.86384365065882
101.59658441098958,140.44349165228144,60.26937733914633,178.30552931302466
93.77198877864868,141.6709691366244,72.65829228159072,170.6856118443909
128.54760878271608,132.2797974591469,71.16634235030182,178.29292639270253
115.37770426729148,130.2902660305381,83.90986150573212,179.65832515105316
104.69846907739517,128.27683861190334,74.85419312840041,171.71559481851892
93.66779275357226,126.8700593682815,78.82962803354528,170.57956218775564
45.5814215681733,168.58031634595034,70.94964280370152,148.66120426229304
43.550573744985165,171.51360663899928,62.870659990247134,157.08613513071623
19.871191697585335,168.8556992945154,169.0144651600276,71.211738455612
25.51222258831342,168.5544013170312,101.43794239865481,107.66900711643521
163.9286437723763,117.651165216409,101.78492837709217,176.43910697113307
113.36962328719467,97.05056220963206,99.50135443070558,179.77855806927278
52.33242665325501,170.50013554208903,75.51591598424295,168.899135262516
70.31535370604202,165.2498658122147,83.09050944282473,156.52107554918538
48.458636357062346,169.56008091014402,60.11674111955579,179.73974440423424
40.52579241765872,172.43755123947412,55.13044041901491,176.92106650932487
76.17552211501926,176.19076180526082,43.291464612542654,176.39668953844375
66.97710342038204,177.92955162144776,48.668696569027986,170.07364954555518
114.44866600432863,147.26496674781552,49.63033930647142,176.78803600293023
102.05255918664795,150.40090894185477,57.61137726723245,178.0182204622206
64.5459603941164,149.31188243407507,57.144432196023935,176.22871087942644
64.73872314072369,148.36735138041368,78.23105833130381,142.88020255979222
64.74179339795738,174.01716526839454,65.31389675032506,95.50488752502532
61.11718702960998,172.45332912951156,72.16515154036406,82.33097856487937
107.64014025730835,123.13051524777845,177.0365742651738,150.29419048431478
70.81227148662431,139.45351302249793,33.71795893700783,165.2363855969594
65.10481172192134,149.2780087973333,48.89607752597688,163.15552685309848
60.191810100065574,153.37753677591905,52.970397979424874,156.50756564590205
75.09664448423612,169.1750726417881,53.170566511320395,170.61205064856924
68.93750234054357,171.71851884225188,60.586160862196394,173.28094764042999
62.13552927172296,148.23732406033432,58.21998567152688,179.04849841164545
60.92041324257056,151.12557164642453,60.10895489828039,158.10188634462358
75.77967959289835,176.68823106550744,74.42558489568017,177.48313030276424
50.42946878581334,153.1448420091043,48.707043579925255,139.36736689868172
84.63175871665426,127.22098473218831,82.78218802119665,167.5701412260717
78.72488208829527,125.71473290132134,76.27032534821183,178.26990166703072
90.3613262392829,126.81813677786974,71.17170261418491,168.5462795271151
86.35586407700049,129.0363295488019,67.73748762002195,171.76016223245395
48.799598321754615,179.46137699612146,40.74531064735378,172.88768685395556
54.16607671585351,179.1727393007847,38.72761749838427,177.28363626774748
95.97532973260326,114.73180904933226,92.20832242414859,167.6189674844204
100.81162626823419,119.50648192471718,82.08499534686122,170.8501942230415
139.16329220559368,165.5868975731408,47.85622213424918,164.24048397537783
108.29042791382767,168.49481156719006,60.83584885815116,176.13336560750025
86.82387970179288,154.88616384490217,103.92013466991824,173.52984014646918
87.21105190629238,154.84474468914362,108.36400085119351,178.79026802801698
176.48588345352616,148.87568493087224,49.67170202000068,171.39968664483976
153.50721381981273,162.94609528475078,22.099563746229762,152.42231395579196
45.0060716342699,172.54426555391376,49.06956071577041,156.1239110948273
49.290942107981934,167.0030392101915,39.394408116416564,171.47865304587094
44.346406089585415,159.15626164682539,67.55246460631628,161.8586248683115
50.19999235490298,157.4286789832692,62.67615971703515,178.46476926823394
27.80992948107962,124.4898837629352,49.45974251514055,159.031224330389
42.28603228094969,131.76362278882613,46.78162414238418,145.62872008386475
38.68586460958911,177.70984702617935,38.925622840894164,162.46006717187595
32.635644585211004,177.9469188373823,41.19303074331217,163.47346196658108
20.960093153145714,156.66330499606428,149.50273741788078,171.9660220675174
27.57812359230199,156.76880687895255,163.1218345843467,174.00327468327694
110.21191546865812,154.1971181000813,61.7709028010657,175.89512408752074
100.53381903118954,149.44620463540681,72.58628805978418,168.63579569260727
51.807793731483464,175.78856179580578,69.96990867668424,80.29096607659952
57.72126402074832,176.5876361635951,52.9750299347172,102.56309956727283
89.85088862718379,146.8982168152567,65.00536444633114,170.69341041700173
99.15914926452137,141.26178017186962,65.61009866528815,166.5143770451697
112.20782027301094,124.59356283022863,82.71808617821324,176.77196001779166
129.29557668010344,122.1430226801413,78.58823950969719,173.92475910845192
61.76873949500711,178.0557934820826,64.24508576364666,169.2714572247227
75.33277352073137,179.18969854170467,55.79861022647007,168.2490013065262
97.45164159915039,162.37753028654626,78.83536237503318,173.64086183706488
79.95895791394464,165.8372209337161,49.984042390566344,143.6177821528748
68.64358745266486,144.3739270599945,75.49583783508534,158.42188686928773
67.65239422777769,140.95925557760964,76.38704675200678,160.8607411855714
46.9149390680811,160.5479419995217,67.77790803406344,169.9410595407924
48.50845696495353,163.171315580195,56.94017473913482,173.55842014431985
30.540402888743266,160.59892372021093,48.39185547483197,169.95379701007334
27.739889432570497,156.59962346394752,57.75009197388306,147.4119217567368
97.2660049282606,148.25446946948566,63.00925616318179,171.58982236524486
83.83967122684027,149.6828506628167,69.85084289686651,159.8632842207488
106.1725887285227,109.94169098823524,86.9446068632815,169.55007211828843
112.52789442842129,108.41218885367395,81.85239586340259,176.9825702183841
24.079545429569734,162.58769271569707,20.597978549485003,144.03532595041548
42.38635880117781,159.5845647434405,28.723345373620997,175.59515961272933
34.6184091820285,152.31457072060775,58.83151760742409,166.9822905363958
41.80209417361556,144.64459266282293,41.09311186578646,173.02922478852287
44.720347856414,139.5575110013863,49.11538594982626,170.09899894822254
55.65864954975483,135.15692014293106,32.92199276474771,173.35681001352253
47.71671026002647,151.72800106961424,46.73385850522545,165.2427182854443
37.58414728512508,148.25029015221762,60.97318443493774,135.21081088098808
81.45505148258184,137.82807411063922,72.33594435388684,176.98416439807264
75.29443885224327,132.97407170806537,78.08818118513943,171.3541883835926
72.63198966759047,143.65773285627282,58.629439951189454,165.46675127179768
65.05506258156834,151.45656992062354,78.21232608324311,166.67223661242298
94.9641476022431,120.55486236572955,80.06213455977434,171.6054948342314
99.37993611328424,130.48338483711413,63.07054261188017,178.07662121849623
40.569594841642086,168.69537207319146,45.89314783543321,176.80586516325465
27.668268660108797,174.81471045313043,43.25984467720538,173.9563613366369
28.028058371935327,179.30765234189903,39.36991733448944,171.12516117513022
45.86648216909331,175.11374889243945,5.160880047489146,154.0609685279388
55.36689087817491,175.40245687674033,58.50107626734217,109.08589200552706
49.71161856085305,175.70094880265123,70.38690698622361,86.051760290402
175.68924914472635,44.21776470555521,49.64080237158127,110.29271961786974
169.8272470648905,42.062987279227364,86.15715309805393,130.41430450796878
91.48474677455914,167.21620021012137,29.51088135440234,170.16307737556374
90.83070667801712,156.6340696426471,36.338064146979804,176.7793778532559
61.378937463135244,156.44676247911798,46.192554559393976,165.74198074268259
69.76728518795993,163.16721927406826,39.79805020264544,175.86511683599187
80.63324003440428,130.69561365273083,77.7519405948442,162.2560259587366
84.1380224774299,129.95902977460426,83.5502729712918,163.98978720887666
168.93683523336063,150.0807339082331,53.81989331025102,160.13400022554163
135.2244594258108,158.40253449468113,79.44653679894623,171.25811111946865
68.85874103694802,174.25494689704414,71.68994409994673,174.70362285551076
85.23995422285539,168.44440805556007,58.15930883476278,168.65487425845325
37.54815278621248,168.9421967637025,67.22716442956353,86.69910164884551
41.35237729069672,170.86244405709925,48.12427915342174,113.60480087514212
72.13644543688693,139.14038743621344,69.31564445921657,161.02119292741057
72.21243764421236,138.16054443846295,68.6350496544448,159.76713596693142
92.0895691003923,114.4616897131303,92.79317632646456,162.0317774002589
88.63397442583559,115.4348416962059,91.77445306835426,167.07951822756766
45.258059096212556,175.82169167211322,34.731122316123404,135.0638626009402
37.559466562217246,178.64845237975277,45.20798149034898,122.58527776697008
36.89039776141538,164.991721448003,15.71959128370605,176.34837679406965
51.01444261680316,175.23248832084744,20.31818879095575,176.60613149706936
45.124381985140325,173.23302360908775,17.795883699463914,141.65024007542115
37.16638529123316,171.55080668832602,29.210530370728456,170.66226450988307
81.60335173510452,165.6024585765835,67.90217067643266,161.66756152016762
81.49222092444336,166.98059328582963,63.98604261371963,171.00056623936288
173.58002922372847,166.80675667738987,74.74786967112526,118.28079498337357
173.83378863454843,172.11701366080834,26.031151236594667,177.08004327766898
111.32977372017342,163.87097806719493,43.65780566774878,151.9516495603772
90.68851490117359,158.64656126840205,15.365731091992812,175.92138784527125
110.06980879800966,128.510641403451,69.72927591690203,170.72561580764113
103.6583791251714,117.0879657549548,87.05785317746631,172.59492342880384
42.29990382687638,175.6444447946003,30.084782628025565,175.53879306351644
116.07201821271181,170.3636357880699,32.00863842731766,169.30425653938607
166.98599186302934,5.27237638535305,176.54417137888325,175.48656213521878
175.48653155943128,3.6032343041718065,142.1845510000283,177.61239028891103
132.06784496688937,141.93763580038103,3.1631514509209375,172.417119376047
97.17337766264103,105.95777527242325,5.39995673933136,92.57310422329904
46.50152587097921,176.62660087434173,40.73645533155229,166.13030061795425
54.9486945128717,179.19302842443724,38.986559306882064,172.1237136884803
61.33962201419212,132.5262998142684,29.691821621164557,175.87797617666894
42.056005641408845,132.54557921278808,35.38723134412208,172.34672758899316
73.74487551394596,141.8230845194629,84.33224378566678,151.72220837599616
68.26304425537707,143.22156120956478,82.49434626927723,156.57582059634117
174.21744957933913,9.001295268859494,17.591505892982134,127.79126070760913
174.51127618815653,11.523380698181779,46.4215309702216,171.22781252370652
61.963787947666674,140.11096887515305,66.88483250687531,155.79014819431316
54.67002740529438,147.82223310325725,64.46180358069778,153.17260935748834
41.455727699884186,176.74342817013581,78.53473566096227,76.28515473821813
44.30078378246579,173.06065909693407,65.8687259291911,90.84434423812048
42.205609617365766,174.10825042919146,42.254319983124255,174.2339714601564
51.64143749746518,167.37652085893566,28.493623793269478,171.72577966614716
78.82831571439021,149.35241677465567,72.08476013331318,172.44424155425244
72.47059952753222,146.94013928217376,75.61777483190167,166.31256260242117
67.02318915308375,152.02382607682574,74.94417961229186,169.76153080185327
58.60690353588602,155.36491562938508,71.31646192202123,170.1507861767995
73.22469032529757,149.8355802425138,78.43555758256815,172.48549173046868
65.1893868565986,150.58732667606753,76.12056023612291,171.66772717312384
68.41583491414896,161.43087902552787,69.3478213250936,169.73342881012647
84.38495859850954,158.83513277278905,56.93703923914154,168.04588161569816
58.061782495072826,157.3403336015877,74.59329880413719,168.999121491192
64.64736999827555,159.3551445290739,70.39427383401,172.6695209845408
104.69939461287746,107.15474664242826,93.88758386048119,167.29758060419994
111.88153862311776,112.40584684337138,85.35761424031311,164.53601371126035
86.08466184787754,145.0114959431526,72.41760968645747,166.629624385758
93.07188461827366,142.86152920125812,65.34703983991199,171.10111722000565
50.700800054153596,161.85941959826508,62.997770420484926,161.96394850992104
55.10522290660572,163.2887341317342,66.55517474866315,149.6059072409087
97.50393073907435,128.28601981937265,67.96584567609027,170.54444474320763
91.40784743853692,127.87735574322537,67.40589818635308,172.45890656733513
53.9389004552666,163.17114489736343,44.24384742799657,171.65248591590324
54.155396233353265,165.85428910413168,42.15228321924537,170.8908785357011
38.619764871005316,165.72261001995778,27.207535883911717,171.37223263450062
42.66811899168074,166.84254979418535,30.55888125539355,176.61753265461184
119.50670348901255,157.47299882207574,51.906827875058326,175.6383648290365
115.66397398929132,174.33965612756015,26.479025695838452,145.7615411030566
98.76113383024841,143.33964971739294,61.44423598820963,178.07471404564978
92.61837880452481,142.24099430229992,66.52637026318675,168.190508017978
75.78784285453432,137.21211692298377,70.21973151929672,173.74546564706864
68.56247437692691,138.6429671971361,68.26925017439544,170.12654301982758
58.49984400952039,157.99064523073423,46.957004570412714,163.5921438175371
57.4271359657461,168.0995149901644,42.14798398628424,167.17100746374027
49.009209930339544,164.1440635999528,67.81250867351774,159.51413797249293
69.25570080240443,161.09269461985184,74.55095522649884,128.23170542600965
63.42555178619265,148.05776099479831,6.532948577986169,160.41759215547106
57.447288132274416,148.04295763592697,69.79097815067594,153.69656494112266
102.184527827116,128.6328689228013,72.11567134181894,179.681824311407
100.77658259253673,132.29498487790477,63.395470999000565,168.00170888691306
67.0053708187167,149.48864399407407,75.29630534401652,163.93305587819276
58.64850999656156,153.88343507024783,79.03181836926476,153.30765443385502
35.44677921164478,161.6060861948068,37.23467965190349,164.5554550606197
32.694234352250824,121.12339736474716,34.988154739209875,177.35971507091944
98.9368718307056,117.11091394875154,125.10631303041443,75.69178600061356
122.66133509773549,95.78515160474952,142.7671098169853,95.37457858577199
52.910796793466,176.7423453430543,39.113431841826994,169.81217886612882
47.3594290941464,178.04193580987743,36.50717573687648,174.14232707428533
51.422609859789574,165.2788386009144,72.75495923213174,160.19382283829455
77.4929872624083,179.88358564234773,63.96176187022235,167.53418883624997
79.01062894622982,152.13145690016162,68.80597051428018,168.62332907935465
85.19385592256685,163.71022433461715,46.51146234371511,174.6382417808692
74.32107060843519,165.02322356132242,32.5872344492815,172.5954517309046
63.06777204363768,163.70607831024026,19.081576828134896,176.4938105959069
147.3972479150689,127.74809434463482,102.73998453596879,177.79165930317828
162.15624896715877,129.85807040166824,94.0517471545233,175.44897161817136
64.75359008272262,153.90736113057523,60.77465412540545,162.2515317877258
60.06489521108931,152.9934898199136,69.80323999190428,167.61251961897486
35.39378368317048,177.8560752272255,53.98366993579672,173.44105045997233
42.770302140313596,175.98396280460622,64.87154417215635,123.44088693993253
83.15292654123117,131.7478845610146,83.37618158077163,160.43454122757544
87.44788768659866,130.76598829508958,84.3224136148861,163.98845330783297
144.73413517789447,164.6716257556878,39.64867369884911,151.84770647633275
64.56204337375875,108.102143710202,52.27480875323503,172.6669896687175
86.13665399471103,167.20366904541515,51.61173495125509,178.96462041725474
77.58041808024655,168.1094038581304,59.6174837711105,174.28716481968806
51.112187146787726,176.80609470386383,22.209165969720207,170.3199618933167
59.434233277633446,149.82408063483913,20.899837869303823,173.12123263326916
79.20515549660873,140.46540065841123,81.63247848652088,156.9301924524073
81.35219030122059,147.43612210237248,64.20139575796185,169.58577163998868
88.84644995765495,136.0177902143201,94.61657484200977,145.34522670350827
104.35642087099313,129.8943550739942,78.11856748652771,174.20132659324975
174.58235700958764,179.4288020470886,16.044248759921135,175.6243088837717
146.8272306271175,127.93350398016108,39.585861883085514,168.96150210535765
82.53101460662418,163.89665444740305,36.77239310803816,178.8219640754926
87.62293975836741,173.61480296227947,31.899563552421228,151.94717923284423
49.46155887680187,164.92618111873315,60.28676628742903,178.7746727588817
43.89475562395714,164.27875061893744,64.75271900208844,172.5467049907914
77.64351648078389,134.62244873076864,24.303148181456415,154.2268132312511
61.43033217434887,145.07239838754055,37.02909768324779,179.17321197299583
121.13200959861248,179.46473201188587,36.620354073280886,174.0053014026135
113.30406373115986,167.37165032205837,35.76767072351428,169.9008717026831
98.80013711308533,159.06347766956165,56.809529280388276,170.93016461368794
91.2473245502863,146.50304097624834,67.3129596771348,170.22877906308938
156.61908660133386,8.881211352566229,103.63361116290831,167.38762369665346
143.55486379479422,6.484666194315868,100.73578432426454,146.03762816404503
166.83217589172455,169.23579264701107,6.54744322574734,178.71402967519472
169.69553042804162,172.44604428714857,3.8215472748269987,124.13596675364587
48.18446297200032,166.56837664767872,52.444557576054486,156.10645907837218
55.07523960807514,165.50210660438614,51.25220384285152,171.20492296618815
57.40473756794898,161.1170907825463,62.80737371430615,166.27398158816368
50.1151211068361,164.30338694511119,66.54686024517497,154.52682811225574
93.61898012619389,111.23134314245462,97.03489638279446,157.7832157398881
87.36134595950762,113.66331325339824,92.0635172908338,165.42124116634778
95.05412249793017,127.84590723973578,81.80340034960754,164.72003640225685
83.25213083134906,134.37529020686304,83.70807161231777,166.2318597951953
71.97574101408337,153.52955132184533,159.85769410067667,176.7803039631043
92.37328848094029,126.71639542709377,142.39760470958964,137.97651624293746
55.23070574637886,151.80950389335266,53.11125728827911,173.23479959628182
64.40135034034687,154.0031367330735,56.082378779188744,175.32872537929535
63.23777159438083,151.2306226425627,70.24827526396594,145.80100657842044
71.36007096028104,142.9340561954812,66.27562828363693,159.08517649253642
75.34846767160303,127.21115722511892,77.96355606878416,174.2443696009141
90.31060485290637,131.38772957428063,80.95984133171567,173.20625042944044
75.64955298584337,177.36256559155717,4.22114987826379,173.8719796080069
75.74970489682666,167.78350493297424,20.39511799015999,179.97178786635433
62.1801645705372,146.1759255164099,43.0268131064528,166.54048568930975
69.90632033413003,140.92461048859292,33.831498963298415,162.35242546552126
47.52057030473462,170.33562496993088,14.206070626959757,168.60796309630473
41.789999807576045,165.1350322115818,17.217982141976254,171.57931550028673
81.06233701633812,157.71241603290622,65.0384508903831,169.93317107926927
99.47193418210878,157.14496091296252,46.58843604273369,166.63764926217314
110.43891803736474,131.36099154483276,80.14543260914701,157.20421764141437
111.06078343062336,120.81819709518022,84.01987943693105,161.34249051803047
26.186603094736576,176.38801289370633,39.454265770940054,172.40578313210784
32.88518236249904,178.88529737669077,36.60215426537198,161.18959587466927
68.98104386801558,153.82978383965772,82.70295780202176,155.0596838131423
58.9181614115154,153.64592005462703,75.63947955109019,157.7428733489084
119.7997594375777,132.3440592375413,62.431337877599944,166.17330926428053
115.93387347377882,132.09112569303352,67.1062558391119,168.21269478710855
68.41320948414433,178.89173550805822,25.671298151168163,159.94131550773926
49.715070557455576,179.1944946145623,66.01155439672499,103.94496041854205
68.22774264395795,171.06785695132967,33.55122487720905,161.64437241524067
57.2677906619065,174.25092694369843,59.67061980912359,175.47882931882876
86.00281066876504,172.9480329686033,46.31249647166361,179.09323407382988
77.05275362072855,175.85195393357483,63.047252438360715,179.92207361200929
83.21938567747503,139.71450795127765,70.26117790650198,164.52653548252255
86.80002867627626,141.33915304736382,74.29019850721323,169.09762844392762
24.71673835219838,176.46525258320753,31.104089648710644,169.77705419643044
46.63482934693512,175.8893896534499,17.309964761299405,179.4772789412909
26.439725234080584,159.26214664952636,179.33673850539031,97.97451260205027
34.451304467590845,157.79805920430783,173.3540702608217,173.77707586845435
113.78499633980253,94.28439355469644,97.66866277382155,169.06987439479332
106.98327472878317,98.67607611973868,95.94889597670294,162.855392809647
83.51371613385146,168.36762547762783,63.53705647044531,168.80266530102529
79.29064644119609,163.0065518754157,65.03603755074195,177.79259428410242
47.188646445437506,156.4968507838462,32.295076033960704,178.56885441676576
47.46882202753378,155.39045606767937,34.92133753984239,178.7704679128567
55.05339987763705,179.27498691983175,71.5879143198495,169.75930670624427
58.71982861495977,178.02431716790068,62.27310747242101,175.53479497901466
103.90820967567426,97.77691633346846,166.09570455055058,36.653516130623395
111.92985445069796,96.91615398245345,178.47090439159297,63.95220549863751
30.559998351058063,174.09558307630607,52.8797284978521,172.60440916803609
32.12164776722761,176.26570668471012,58.77060256700142,163.55922853612321
107.28295083564893,150.7372242353493,46.26775096597666,179.05066477177678
85.54045782009194,158.85777680931838,63.21180578820033,179.94586222433202
101.24906971092119,126.68661268896227,62.8272567314861,177.2968819752561
98.37323396911106,123.95441808611209,81.96850744925183,173.70210332757156
48.11943297423586,129.88406154844003,18.080973096074228,120.79961830537371
32.15747529162729,129.97366024092423,22.587839362222837,101.33264956912697
43.026817295903776,169.61510405982986,59.59630572766258,176.89136600617104
40.38025742438887,170.20810392301797,64.85381411276887,166.3841340830946
37.75711941601524,178.4601223664349,28.79434411827594,176.45548332790432
41.4658858477048,178.57058960541693,9.317171803786334,163.41150761686782
126.2285822459285,168.90533569541168,34.32715524384229,137.09510681255276
77.23109102399461,122.55348473051454,46.451153505257786,168.03563561091715
50.90183656701262,167.52863786754526,55.501876339197814,154.77416132679554
46.49153316862339,168.09066086808116,48.54454825849466,154.96839531729563
88.88861422683698,152.1292664362218,81.36250673701313,166.36769994144416
78.24517266593136,152.9429582979706,82.82260681676132,160.51841691255945
78.52075860180415,167.0791988352925,43.34542558177842,166.45534565532586
52.789149015464325,167.74829687882368,53.89778287637792,169.585452981174
86.59943261647743,130.8124138294808,82.4881272781304,154.61018644542867
71.70582281912306,142.76450195483648,82.08817769006569,160.34180095587487
78.23304495230559,178.6210168788875,50.55168460944627,63.344493863675844
73.73102409311541,173.78088686388895,35.983272848280684,97.59001406906624
65.85348919277298,176.8855585291331,48.98471547649905,167.15145658040504
57.46672383041408,177.3697571418885,48.80953273558413,170.6071456704144
172.13240203498216,137.88318092576463,65.92885673588887,172.96120391928994
154.5328397565329,165.58673039986854,43.24832159554946,162.0504007434989
2.328398865024753,70.49687488002002,45.51103478822795,73.53828034909033
30.493174341760433,103.07793370662216,37.83047826197888,69.41522743239466
83.92838894397174,167.9346363240043,84.3171749697417,175.25836367809822
62.65368864679138,160.56576828775962,58.14006168055806,145.01441447372324
66.94251031254659,160.87783557156794,46.25295443956446,178.48413063116953
59.53563389586524,160.09504458033885,44.53951415715104,179.4201178218678
68.45570547401167,179.6103334998639,60.610115061453655,171.13870706165864
75.84075582086345,174.2821282552142,53.36911604388354,170.85995302542267
42.150331120229275,26.943905714747107,78.9170955476794,110.75762395738165
54.848168175996136,88.97920008360596,31.16469759522676,146.09768961013395
167.28926769056898,152.7369813021769,172.54987853046856,179.46519191377584
173.12517202560903,161.7764909461026,56.316329759856934,94.99661823800648
36.86885903963864,172.38081302004986,41.24166951726426,161.33890445017119
27.70079462104086,177.6939691918406,46.35006340231035,173.10667194622596
24.712077405753586,170.77428886048133,62.07302058247893,155.43293390549888
28.58365467303617,169.1617477840558,61.9709800842067,141.75322621511737
132.56658003043466,160.99108463415666,92.71428401112694,167.41434194111062
136.53958052824075,157.98987450751602,21.443964217308952,165.8568645942414
175.97777571918385,127.60782576110304,29.633947168855954,179.54247958225315
44.76007638067503,2.2034119124806217,39.179806504595796,173.97307333064526
35.51120564523557,160.1292103846266,53.859429620292666,168.72505962390406
31.68511789923926,169.93147051807858,46.59603271896331,176.16024786588588
90.00406088372893,166.0266607687103,33.56865305283898,174.04030763677642
94.37959218354075,153.25107134965432,41.86291289362864,177.59178863976632
74.97182434747387,135.07387192834088,64.91876612308681,171.97645347060674
75.67610314098374,133.54657984433697,66.41272398620407,170.28956631041552
78.63011406889399,177.96287546367876,45.017679774268586,57.028113808570005
55.75771540120864,149.9579106120005,28.202302451880357,86.65925164715384
10.142832385303954,49.501985738785585,36.04954941515621,74.78912279364856
40.01647644034089,134.56259375629375,27.208706812685705,65.30955550069928
125.00925530860755,134.76575511916673,65.29147317294138,173.52443275269297
105.62635764188352,129.5059002279802,80.58851125027957,162.5710226752769
76.18507492433557,176.71417012550458,3.9825030937593753,151.2429830108118
59.68106049742545,179.72850082055044,61.49748863774488,164.66034553119567
36.30716951210125,179.80800716576192,65.61363936901729,157.34524015052546
42.058034673290514,179.2665218636728,54.98042381246692,173.6974837655064
79.0708243188405,128.01128001185717,89.61618533292167,157.72409283313925
92.04297431236517,131.88411318648906,72.36440346010654,177.24383259245363
55.160175465333644,157.80437191915559,52.213472247778455,168.1407244755207
56.04664964816277,151.4127796511414,44.40505112327014,178.05401591420627
136.29259549210082,100.03730892417032,157.68813309223822,123.11519965410235
109.63558594333696,114.95884475603957,149.78080832651335,154.92841358616013
38.07574706682479,117.72657020969613,21.354598605144837,124.6772554670015
2.944283549404649,18.858894078809513,38.187593036984474,97.66770987331921
77.40310566062301,131.18887997980775,83.91938370751791,162.04438676831782
86.03330540499478,130.25550678155122,81.15001572074783,165.70957104043984
89.20013652078337,140.4406755321282,73.03124649108935,166.21558680746665
85.23751915898747,141.6096475564158,72.63698899148977,161.83769543814742
169.73439741972766,166.0690158524255,70.92695393718388,175.78795907453187
173.71909431677136,175.13244554434579,31.42118921512977,179.97998173361484
41.35343951634648,175.57958016495897,69.59445498059577,87.1843706935854
48.72221839715685,178.4088463237851,59.29458174477127,109.55500437633336
36.28002812430923,175.50732135812714,68.29879864898732,155.0317053453212
29.4053525704037,172.7799863403628,80.87795188002889,154.4919394062138
54.51260872551955,160.14737109082375,47.08423339517376,161.3526333116224
48.50318413443529,162.21898453711142,41.66784851399164,169.49899882083798
32.731985698544776,169.38706977119486,35.527504895241314,178.0038500200201
25.716142139497666,166.27117428133033,39.373990309759336,177.57523103749972
61.96539870911699,150.18979863617804,78.55804201266938,159.50428835089969
72.54700894024072,145.75079876731797,79.43727541483264,163.31821656170365
63.86703203487114,170.0833725490573,30.580966979438937,177.86767861655454
60.4724215820613,165.63463586765738,23.986739661063528,175.3543112533714
92.3407849122421,136.30691632140537,45.58045589603563,167.44397088348614
89.16236292358178,136.2270043269351,66.81390058568196,164.53972451914473
91.98163018642668,129.75047320703982,94.7407103410187,144.32217363063265
109.5316929874634,127.61938640458561,75.25200660149703,167.6230544974567
54.405419673245596,154.16251551324746,72.21398707088416,161.7943467392226
62.14905932579003,151.83892604602494,65.18388440370946,165.0212563403168
121.75717666090839,158.99591279133682,44.95472560129461,175.96363440047105
125.66746073446265,160.51764375178277,46.2011172030206,172.6562570634823
21.33690204210058,172.12910521297695,161.94377349977182,54.67192876080004
25.88259442553894,171.59935353108733,12.009591019856193,165.17295632630592
37.82347335968098,166.4852400619787,28.177448336911475,178.78130069148327
41.47346683785504,162.93122884067355,30.39770353611705,178.76311174239382
56.96678987896982,177.52971048135495,62.95177619916939,121.55182507264718
67.55277903016972,167.63126063534418,35.98335651445716,176.1015432929293
88.87159811680806,145.34543372554774,71.49055225901297,165.90670803095347
94.23330294408174,145.29191057974072,64.45518084351924,174.81987074445587
72.30466583412974,155.91008884259855,67.85765659158551,155.5074038271312
82.21591412938844,153.72197940954806,65.03004309734084,175.04331325999502
166.94476182613494,176.68887425490138,38.12990569262742,73.69416827827301
131.71147613982606,140.31993850138383,7.148475349000434,174.52770876032582
70.92149627147957,173.60472055913914,18.88042711345642,178.47608385490565
52.12999292929212,159.50656262742046,21.328243259275375,175.1472891737089
68.04379740075171,177.38421758030427,47.17663076047184,172.5747954213744
76.63251930327387,179.97266244682004,44.276133979167106,178.5535022217231
52.2254213378105,165.80346263728458,65.29315331265472,167.9099891603697
47.98773513690503,165.81070898186113,60.78947381799908,170.8730211897393
35.06645664373973,158.37758671799355,59.61466814339872,162.4659912080467
36.56522901252018,160.0308079680699,60.11059696897212,163.15826377212528
177.96630739330246,176.45169927253582,15.863595751525605,169.42396687453544
179.00043638769483,172.35727711552738,32.221767592930554,174.89680195720751
54.67470275575712,177.44750521781933,47.62103842986275,173.22997788741682
62.73027450917843,179.93378939100387,45.410231635237544,175.2651491299824
78.88168187565387,150.00894243462267,50.36578706665331,173.11525654980298
75.9883872130257,150.2765645786369,62.03150049751293,166.8864812273786
39.64102908130701,178.9374768865725,29.02050858829212,169.19350821741835
30.11611798225803,174.30557238662684,31.50925083186517,176.09190672442784
34.02791391914865,170.41461295331365,48.54583212370275,163.0840834241532
32.995036632597646,171.25195601182511,40.16840133980187,177.2326473161489
177.47396568551417,40.533066122913645,160.493974669421,166.07812452060145
160.80436113015608,59.6637462776887,159.26111177259207,176.8847648068953
66.14266599055249,168.61787548327862,38.48331522383734,161.4496390803479
84.5660302562249,166.21710524396738,10.491494408074185,160.13380001626018
29.703542079684123,179.82609909873997,32.27967406171381,173.62785522261913
47.37271831206115,170.38357311339718,8.633880968772106,178.3935025751579
73.83749656629502,134.42857843034975,87.50540905563184,163.76746114497107
80.75711072217823,142.09714249957787,72.5379490377639,178.0580965439782
38.53030663257967,173.09879017407792,45.06378798919571,167.54818670881897
40.674541652754456,171.95127206936735,47.28797297859835,179.518823581328
52.94793405099811,146.32847597039867,73.81730848180217,163.2790684791179
59.082296375885974,148.08281565462883,73.73867064323838,161.17352814337227
71.27007050867336,141.4687014874368,68.39541742072998,178.0666707616701
65.4204529260884,146.5261128051895,75.65927801164486,170.356252892499
60.63204735311924,164.8737361831209,34.04907334217498,169.943876895379
45.87481824596969,124.91588924075741,30.75648387719999,175.44033642098375
110.83083665719847,109.32391052035028,107.3678192565558,179.3531983916858
88.14931140125059,124.16767694238973,99.79292898167421,165.29391612586113
34.19878854867404,169.24267253694646,51.82577766580916,156.56347726549254
39.03523896879146,170.54647870754172,35.76926785258938,162.4342645294311
49.63077662309112,178.4520328337521,72.19429078621613,97.01003586611937
42.65177055055265,179.01648390682755,78.98028334527754,78.31281167663819
26.700255637372493,173.3184510755772,58.50212561838393,148.73423690357401
37.40894592452502,173.47652299675102,50.62221024652166,155.01868357818861
97.66935658785252,129.5657851371196,66.67360465306474,169.24746516918796
94.1051069409096,127.70561891684045,66.50328744119126,171.0609468602742
93.5974305405172,170.27384352867625,32.24035184432634,179.4975771518248
89.81281106068289,168.137362229298,63.74452188293433,176.4020072019586
72.92415982310354,178.64607371055297,56.037388022859616,98.24524995358222
66.67807126218119,179.84592223614774,60.36992647155736,87.89829564526072
16.600247743664365,122.73356736025751,85.28599166062112,170.619461297741
17.13939549768484,138.46555362885152,65.34290626995602,159.97279576378634
98.08497264567619,120.74923870551284,75.05775001594066,166.75044929920733
93.72136544248478,120.51060407535358,72.87453589705308,166.07723956050086
158.12397680953404,175.59567730012577,20.17155135345413,173.34820836201143
86.63570062917842,169.78073434539775,24.999213665725925,179.59527737993076
45.063566822466264,179.01265282560334,82.0937379861459,74.71200409662119
44.66413033982483,174.66028803455234,68.95066463055305,94.73097286316083
48.43294290270878,175.93088546922132,75.57008332074066,76.16683467583428
51.51086450697912,169.54528153179726,52.19706835409074,102.11760664441236
51.28233592253059,168.0596390577046,55.65213456446464,151.62621177797314
46.11277109172933,169.8900913286633,49.061943375656995,151.48085392761783
71.71599177558052,145.01220065713687,77.0441298917475,168.6028685495676
75.41894889848467,145.11487795094962,79.4613159171875,168.48404114975332
144.0774646034633,144.92448036045297,86.39386447578539,173.39116774075472
155.42162904479338,143.98773749773812,71.60220144506889,176.94337316216416
20.978920284386394,26.266185544781774,18.333650014382386,170.87768174099244
22.712777575928584,46.30289418663845,20.98422492996434,175.43959716173015
133.55756069010317,99.47254075303468,153.96016609024466,84.41763280509838
99.02385475526168,105.83283769075936,155.41466313193973,51.297654235301685
166.6532279576726,164.10106632049653,4.822268615174099,175.3139013918764
166.35900224100854,166.3593969830744,18.155348535727065,172.35908137675534
28.160145933483808,171.82050820348815,59.53017445791989,151.10799529423434
38.93567210042864,171.4774834482493,47.28502003972927,161.27931749223094
54.12084128874458,173.97243889790968,27.416089164102193,171.1166427406564
58.02899147916038,166.17832128238524,24.575766581994255,175.12959064546658
33.868089812598065,177.10324823474286,44.42973168085527,168.55789033710465
44.34954059345156,177.12586732763313,20.490926581944098,174.10991884737072
161.41069594950224,12.18233541592316,164.24186731372853,132.2006296543267
171.42870532789354,7.688761889825122,148.70264435259637,176.753229173039
89.36831879611117,104.44351571064772,170.99536678742768,73.14501791939041
101.43735258992689,98.54815317762194,170.7204587683471,78.9979683535192
75.53688176111638,168.31061165649533,59.51306934831853,103.2121261150663
70.59124259153346,166.3557281397469,68.97321453106062,83.04795025051723
22.115450404507683,170.7695028088961,177.08472894734186,63.61087671375781
28.22339100717742,167.66822146057436,7.695155475532166,32.63281233805634
98.14949343731769,120.90965125842274,72.74179426776665,170.24573983051053
86.27185068845057,124.70121441527058,77.72667657728624,170.1162003466148
107.09559186401128,124.1131613356471,69.27294889538234,168.9573380685381
101.1117961905373,122.99498000472532,69.98692351378992,165.79845425166218
45.32418484458468,164.65013711237668,40.136339501507976,169.56213591251466
52.2329195431281,161.78526453157485,42.456273818763,173.4321664987066
65.27989376532524,157.53814075339466,58.36950708157315,176.91434689662196
57.837643537598716,160.4413006474683,58.30625080214418,167.98186258952632
52.152124062256796,148.45173931809768,63.18519719016621,160.20087161037713
54.848297811426406,146.1165008821921,64.72746998800899,154.24055288860373
40.35821009103425,80.17066516149801,41.331670059691085,48.67881530139213
30.789603973034996,71.11778060639926,25.08240877067337,104.2551708613002
115.67156816287468,93.98126761112242,99.14406897594887,167.37474197265348
108.61010989037622,97.30131987215796,96.52120781185488,173.91718935115767
88.40246458541571,128.46764648285088,80.33435265166415,162.92925566452246
82.91164107076662,127.177298839138,79.39671416783484,157.62747087793034
93.10395227338262,170.5407852909246,47.56599575248526,78.38582140423229
112.46653168960708,157.86655283278324,62.726798199197916,65.84717095370796
70.96199467447819,178.69281025167763,56.102380053030956,175.3137753213407
84.41711704747871,173.30950403203266,51.340220473272076,179.00370379729358
48.03844147111967,162.0905960268467,21.413389397210686,177.14343967125293
65.11130712658615,178.85851351105998,16.605823784142988,179.63229549728308
52.32711235227749,162.3251938405955,58.71795816607531,153.83565687049227
57.11576697681937,162.5913037600291,51.98599971703189,165.10924943026455
71.38265293500368,175.59283328862847,52.200805125459205,153.77951491577792
64.98170978164539,177.429275539078,70.27336424786702,178.46539143686527
46.04805037187484,167.1614852928477,69.48822349604922,153.08493882319905
41.25945645607436,170.97600176299298,66.46514829073226,153.2699676046486
66.21110703928461,144.80217778823797,48.956874565319275,170.00208648579496
68.5912587738661,144.53495621349805,52.17981194674764,171.69721188904626
54.154753650625466,158.25973708567324,70.70862811172893,170.91185042574187
60.37048096679828,158.45850548164262,81.51403357508084,150.09679681487597
171.84454235711584,78.2516677418433,39.50301943698385,61.36354091425167
164.632960650275,65.35044893828353,37.16285735533125,89.10034527937033
83.52429643752743,159.81931963325147,100.59442538792332,175.02250698946895
83.96035533962484,155.3713861288165,110.25629996898853,179.71192109621938
178.4358140100478,160.27884642750712,63.939012933731114,170.44309727102657
147.84481647420657,171.27139070262965,69.390226982688,175.45261839271356
75.0754149396182,139.74166613526586,77.3431789996173,157.27801439879076
68.85892660275671,145.09158611976176,68.07681176178363,160.98403714571714
73.2960601741624,178.01456400926352,63.353553887796295,177.42348661247016
82.11878091808526,178.79766715784532,48.82400583726252,169.35788789982803
148.35997760462928,101.32461126941966,39.257654933433486,179.05622490250386
140.27708267676888,100.82530739190902,107.88415716345847,120.81297532858946
84.49622355163831,142.39456570391695,75.72090671837323,170.15197892870788
76.01059438932347,146.39169149850252,82.15299619524838,170.7893214825351
25.461792050076426,158.61163767850164,145.50719465433536,179.10067982982008
29.270031630066427,155.6480764859576,163.4604792503208,174.38116728294554
89.35487915897623,129.71097105079758,70.67278444776271,170.5051576658049
68.39727539516788,146.22521558660938,72.54380222202555,169.15453964077417
29.854145749740837,161.78596904176447,33.50663483322365,175.24251802039294
73.0565077226679,168.23734689632641,17.155142948184753,165.11479744396405
29.284142123381503,169.0883618057096,53.694805494247824,105.67872138390209
31.95432874543543,169.45996027283576,22.466522957591526,144.21340702504534
44.44463318054005,162.6900154751755,18.000478378782976,173.9948754775052
60.66945927456523,173.6700712895414,7.262320479956713,177.97848438094383
115.16427138039157,125.0071647634377,72.30736379288959,178.64710434269125
109.47412747594987,122.68209942949417,84.65547062536875,165.5471781093777
